index,student_ID,sex,age,major
1,8b6d1125760bd3939b6e,female,24,J23517
2,63eef37311aaac915a45,female,21,J87654
3,5d89810b20079366fcc2,female,23,J87654
4,47eeab842793b09300c3,female,21,J78901
5,a8eea517e36b20757b2e,male,22,J40192
6,e89cdaa3f159a0d3f55e,male,19,J57489
7,e324cc9cb52a2b3cb9cb,male,21,J78901
8,98e10f84d94623f8b39e,male,18,J57489
9,3c89c7f1db26ae691db8,male,21,J40192
10,9ea29e4a747ea4a7c70a,female,24,J78901
11,e23ada44d3eac9b465d2,male,23,J87654
12,b79c2d9d8148403a3720,female,20,J57489
13,01d8aa21ef476b66c573,male,18,J87654
14,9417c1b4c24e428984bc,male,18,J78901
15,3d63ba961a5f3a60616a,male,23,J78901
16,57709f904b1cc9ec60b1,female,20,J40192
17,8979427badebb9e2bd10,female,18,J23517
18,6e7d56f652020f046204,male,24,J40192
19,03aa0b20dd4af1888eef,male,22,J23517
20,1b25734414fcc7466153,male,18,J57489
21,8777bd09f180d330b147,female,20,J78901
22,8b1fbc97391699e46cef,female,23,J57489
23,dc83f9577ae72447a7b1,female,18,J23517
24,be503fccbf0ae5532639,male,23,J40192
25,cd6355bf939a47577f6d,female,24,J78901
26,fb4411db1aac3cd2544b,female,22,J23517
27,f06c3ddb1a98713eeb32,male,23,J87654
28,bca2be7a89b9b36b45cc,male,21,J40192
29,f058870b1bc33e288e82,male,20,J78901
30,a1fa76b5d99a411d6649,female,22,J78901
31,79ea7a2f63285f2fe26b,male,19,J57489
32,54826f4abf592713d585,female,19,J57489
33,e716574233e87591ff19,male,23,J78901
34,bab3d23935ae4f8e798c,male,23,J78901
35,d2403aa287eb869a170a,male,21,J23517
36,ce1a32f22b91f4d81015,female,22,J40192
37,d0a933a514028d777578,female,21,J40192
38,81c4c46f19cb21d54bbb,male,19,J57489
39,876aca2b8ce1958ea773,female,19,J40192
40,c57c5ca2df494f27ca64,male,19,J40192
41,64d1d58d40bca568347c,female,23,J78901
42,75c2677c8d156032e303,female,18,J87654
43,b345ecad87a7fbac77ce,female,20,J23517
44,360820d6620d17d1b48b,female,21,J87654
45,7086b49d3d6c2cf79c1a,male,21,J57489
46,cac3f85073c947532796,female,19,J87654
47,e37bbe9fe37f92b785d9,female,19,J78901
48,0a8736f6520cea837d94,male,24,J78901
49,37ae91c472189108a737,female,20,J87654
50,488934d01a504bc212b4,female,23,J23517
51,545eb6c8154273344669,male,19,J57489
52,22ae866c664a147f9971,female,23,J78901
53,86215294b080f19af22f,female,21,J78901
54,1e25b47eaef62694a236,male,19,J78901
55,580e98185da72b5f34cd,male,20,J23517
56,99d6b8a1cc0020112951,male,19,J40192
57,ff59855075a6bc39d62b,male,23,J78901
58,8d422b817027d7721870,male,22,J23517
59,18cdd44af62c6935e7a0,female,19,J78901
60,c00c91256ab1777d0dbc,male,20,J57489
61,10de703c06bf9d873d68,female,19,J23517
62,t3wo8xb4rq94n3fpfk35,male,20,J78901
63,8cvzwcc62ql4rqj0pyzl,male,19,J57489
64,79cvflltnemb9zpg6pgl,male,18,J78901
65,i21qi5qdsjqcch2xvdd5,male,21,J87654
66,qw1seyo5nrhlm8vby58w,female,23,J23517
67,exj3a7hd6gwihbowgm3w,female,22,J57489
68,qz6jjynwbd3szlp0rj04,female,22,J23517
69,0maggb1hf886m5u6p2vr,male,21,J87654
70,cuwakm24vlp785ky5w71,male,18,J87654
71,uvh2zil455wi0dcdan51,female,24,J78901
72,wwh529n48kyjq1xe9h46,male,24,J78901
73,o5lo8q4tb8yt0v8imkw4,female,19,J40192
74,pr6b1twg5sgsrzek6adi,male,22,J40192
75,zeuj2ypen39p38d4m3oj,male,24,J40192
76,6o68qswzkvrrtbiz6bzr,female,18,J40192
77,1mp9yiw6rkrr3846047g,male,21,J23517
78,lzvutqpj9ggc0nwwsxcv,male,21,J87654
79,isa355t9q5rut5fm8aml,male,19,J78901
80,5gs9643ghg39gpkgi3e5,female,18,J57489
81,ao2x473zwn7k7a6gpfr9,female,18,J57489
82,jwdjcrxdn0um79f0rjvw,female,24,J78901
83,oppl3ojvw61dvd5yw1wl,female,24,J40192
84,s0vfgmhobw9jq6al8iww,female,20,J57489
85,styld7k1gge5cvjria5b,male,22,J23517
86,fvurnsqlgyr9zbd6msqs,male,22,J57489
87,47vclaej1xmb0rc8kgka,female,18,J23517
88,cnkddx6ofjqd7ueylz0e,female,20,J87654
89,zlaig56ve06t7jruk2mr,female,18,J57489
90,ifj584ryrjv639n4nnsu,female,18,J87654
91,xh8a7nmtz192pknhec33,female,24,J78901
92,vhlntoniujqiclub2juy,male,20,J87654
93,9wax6sfj9cuqbbxc95om,male,21,J87654
94,oit2xadfbpuveswzx4pf,female,21,J40192
95,91ybnlkli8x332l13rrk,female,24,J87654
96,k4usquerebza4uy0i57h,male,19,J57489
97,6ae7d356ba998218af82,female,24,J78901
98,2c6339f7c23a64d02081,female,20,J87654
99,79fdbcf16db75f75383a,male,22,J23517
100,50fec4ca4283ad18c000,female,23,J23517
101,077d5c82c9ee5019220f,female,20,J23517
102,41f718ae2aed1d6c2573,male,20,J57489
103,222d5ee50487a2b8601b,male,24,J78901
104,0088dc183f73c83f763e,female,20,J40192
105,f9d95830556934ae9a01,male,23,J57489
106,06aff3e28c5db152f506,male,18,J40192
107,3555053023c67d592439,male,23,J78901
108,f25a777dbbda3d4314d7,male,22,J87654
109,41e9ff991a4a21f423a8,female,19,J23517
110,6002b9ec0f4ad0b281cf,male,18,J78901
111,0b8bea274b24847526b7,female,19,J23517
112,f7a14eb1e15ceeea955c,male,23,J78901
113,68c45e933c2dc939e7c9,female,18,J57489
114,a5966200ae4d58200438,male,24,J87654
115,6e8118d5ad3c7093b869,male,21,J78901
116,2f3c37735e817244e646,male,18,J87654
117,95889f5d20e344714084,male,21,J87654
118,1329b6cf41debecda787,male,20,J78901
119,cb2fbb322cc30a8b8fef,male,19,J78901
120,daf693769d8638a22ee9,male,22,J23517
121,da2199a7da15995db5ff,male,20,J78901
122,460fa4961434cf281423,female,21,J23517
123,18654732ca312afc173f,male,21,J87654
124,7c3fa9ed66d940d49692,female,21,J23517
125,6486c0664d217470d126,female,22,J78901
126,af8dedf6ecb4605a09fa,female,24,J78901
127,d2e033f11edce44fea3d,female,23,J23517
128,c955c51bfd07134bc831,female,18,J78901
129,906ffe092972df38360a,male,24,J78901
130,e6c8ce7f4d7b0b4ca4a6,female,19,J87654
131,5a8cce5abee961fc77f3,male,20,J40192
132,0c670262b3941d307600,male,22,J78901
133,7d882daa0b4d418d1d0c,female,19,J23517
134,d33a15d480f68c6ec82f,male,22,J78901
135,db2418c575c0a4f7239d,female,18,J78901
136,8f98bfcea1b9f0dba97e,female,23,J78901
137,5d580a610c7f8114eb5c,female,24,J23517
138,5c33bb784bb99763ed74,male,22,J40192
139,058c03d945c4ae0978a0,female,18,J87654
140,bfc3a5cb3b9c29f08176,female,24,J40192
141,a4bfb84ab74e59389e7a,male,18,J78901
142,152a0c17daaaa4e65e14,female,22,J40192
143,ee1ef9674f9e0bfca48b,female,18,J40192
144,977ece9de941d85308ac,female,22,J23517
145,15ab118362ecbbd03b52,male,18,J57489
146,f47eab262dd5809d4d60,female,18,J78901
147,5fbaf8a0f524358778bb,male,19,J57489
148,3267b84814316e2fa25e,female,24,J23517
149,f82461b84c9c48a36613,male,21,J40192
150,981cf48df067d975675b,female,24,J78901
151,bd099a9fd29545e3766a,female,20,J78901
152,9d030ebc092b353b9906,female,19,J40192
153,37905cfdcd105683aaf4,male,20,J57489
154,xy7cro773yqyoblucwkp,female,20,J40192
155,3qvqfnzdg358mord1cku,male,22,J78901
156,awxiqzybhp95e08qx1h5,female,20,J23517
157,dgoapkg9vpnafks22kx4,female,19,J40192
158,2jvnsh0veb6qnn3uv6i8,female,22,J23517
159,553l2g7kpifbvn82knxk,male,21,J57489
160,58n0dsxyyqnriomw67id,female,22,J87654
161,x8hldszj3z40bgxl4mci,male,22,J57489
162,putb7ja6dwpdag4bwvnj,male,22,J57489
163,3m4gx52iq3mwqdycm8mm,female,23,J40192
164,2zfdinkl7qrn0o62tlp4,male,24,J57489
165,rd32gyblqsfn03xatnmt,female,19,J40192
166,n8pe3tt7qmlgojwhhsj0,male,21,J40192
167,p6cp3ogj6xy2riczfupv,female,23,J23517
168,si6ymh6w7xbo2f40o0p8,male,19,J40192
169,9trgand057juzal1kecf,female,20,J87654
170,4acutl013itvh9va99p7,female,20,J78901
171,62olkigg7ntlaf6fzytl,female,20,J87654
172,zyfp520tbnq5p2pvrkin,female,18,J23517
173,yyz9rmyzzdp52h0glddp,female,24,J23517
174,2uxkhe454qk8jvk0ufvp,female,19,J78901
175,pkjom9yr5m9690fg6wsi,female,21,J40192
176,shtnl1wh1mconb8od5ko,male,24,J78901
177,ugaiak78ggmnku4yndlt,female,22,J40192
178,5mrih4nj5agvu67vao4m,female,19,J40192
179,66f99grd556eyxjqk7pz,male,20,J57489
180,vrdxefyyyx3tkticfqnv,male,21,J23517
181,ik7o5ykfnku0qp74sy1i,male,23,J57489
182,99dj4o3b2f6m4jemke7d,female,22,J78901
183,6tq9irjllweqmqe4u7sf,male,21,J23517
184,je7kqkmpwkosa7nkgfpx,male,22,J23517
185,3cic5ziycjx4ik4ll0v1,female,20,J40192
186,ef04ejvyvmh5votejbif,female,20,J87654
187,dfnvtf7qbi2955rjeaqx,female,24,J87654
188,bwvpzqnhh752noqjqj8d,female,19,J40192
189,4c90f16c0fcd85d3de25,male,18,J57489
190,2b9ef4e3749f713870b0,male,19,J57489
191,b8290aea71e7a5421a02,female,22,J23517
192,5f55600069b483f999f5,female,21,J23517
193,170a695a2717bcd9b74b,female,19,J57489
194,a0a1991396f865c9e3dc,female,20,J87654
195,3fee5c27236cbb682727,male,20,J78901
196,701a989d65a59c18845b,male,21,J23517
197,3672e2896ad7d8f2404e,female,21,J78901
198,52f1bca9ac9c792e4457,female,23,J23517
199,75097aa30e9373a612c7,female,22,J57489
200,72b4334deffff31dea8b,male,18,J87654
201,84e8300978b600b5f0ba,female,21,J57489
202,2ccfa5f79c8b61e465d4,female,21,J57489
203,63aded37545ab92d41d4,male,24,J78901
204,e851f82a650692f8e591,male,18,J40192
205,c352158bed343ccff8e5,male,23,J40192
206,e3ce61b92eeae0a33633,male,24,J78901
207,166cb02ac436c9d3662f,female,21,J87654
208,749fec50db4020e9bfcc,female,19,J87654
209,7ab9a2516b2dba99c36c,male,20,J87654
210,19fb3075dd2798538c9d,female,22,J87654
211,36ebf305b7206112f676,female,19,J57489
212,1397545fbe9882e5cd42,female,24,J23517
213,9e4c54a008ee874fc270,male,24,J40192
214,a8846b79555746e4f9df,male,23,J87654
215,1629f353a742f6a73251,female,19,J57489
216,1202c731c612353ceef0,female,22,J23517
217,0e062d9fa22dc8e3bca2,female,23,J57489
218,918236b530adbe510201,female,24,J40192
219,0f8bd9e33125347965a1,female,21,J40192
220,2c3b89432513b2035664,female,20,J87654
221,d94c5dba40d9fcbfb8d9,male,23,J40192
222,7380885aaba482170588,male,23,J87654
223,6d35a9a33338a84dd077,male,18,J23517
224,011d454f199c123d44ad,male,22,J78901
225,9e7bdc44129bf5acc196,male,19,J57489
226,93c2f240de504736b8d0,female,19,J40192
227,0f160cd19890b97092b9,female,21,J40192
228,432fd26823e230070734,male,20,J57489
229,f4e46ba446c56e56259b,female,22,J40192
230,8fb30cb5c7ad360c995f,male,19,J57489
231,cb8c2285066597e012c6,male,19,J78901
232,a55511198784610bf30b,female,23,J87654
233,c5b9961e65ffa73d971e,female,23,J87654
234,5b5ef66e547d63806a56,female,21,J78901
235,bafdbc62a48daf6840c9,male,19,J57489
236,d3ba1fe030801d700cb6,female,23,J78901
237,3f55d44d7572d52b2987,female,23,J40192
238,d27565678ffa4a9bfa85,male,19,J87654
239,efb9fe363bdeb9f48d69,male,24,J40192
240,28719a42e0cbf4991b7f,female,19,J57489
241,62156eada978f707f5d2,male,22,J57489
242,46a7a18ca160c829a15f,female,20,J40192
243,57c33a6126c456c5ada8,female,24,J78901
244,951eea03695f436017d3,female,21,J23517
245,098b2c66cbc1ed736e14,female,23,J78901
246,33ddb1517601db520cd6,male,19,J87654
247,446d2ad0ca2908ffa4f9,female,18,J87654
248,ae2e4cb7985c4ac71795,male,23,J87654
249,1b0baf552d2cd47ee10b,female,19,J40192
250,e86f896d71d48d87464d,male,22,J40192
251,62a877b83219f7974fd0,male,24,J78901
252,7a600fb7e3750998e7ae,female,23,J78901
253,c9c9f0b7606030f2aade,male,24,J23517
254,52f4899e918b57df28da,female,23,J78901
255,d235a2c32940b970ab7c,female,22,J87654
256,8242b99ad9d6609fd19c,female,20,J78901
257,8d93485dc6a4b2a9f03f,male,21,J40192
258,a108f1103f798c85d061,female,21,J23517
259,52d965ebf3ec0518bc0f,male,24,J23517
260,23dd64a1d2e4965198bf,male,23,J40192
261,f9ef2830cd485d038b53,female,18,J40192
262,e3b920878572dbcf8c9e,male,18,J78901
263,93iq4xjhvlc8072fsfet,male,22,J57489
264,nl4vt11ikn4we06zu0zj,male,20,J78901
265,cnqyqc90n3ixrlc3mri7,male,19,J40192
266,yb4sqfrwu788fa6y4zeb,male,22,J78901
267,kpw433bcv21ksp1wgrux,male,22,J40192
268,wxgj9kdmdrmullrthnso,female,19,J78901
269,bvz9hmtzknu45wvb0yaw,female,24,J23517
270,1kvfwfp2hr5hjxjxzjqd,female,20,J40192
271,m3y8jkkgflwqwcelrwzz,male,24,J57489
272,fov3pbwdqzvhgcjp7o9f,male,20,J78901
273,3iz4t53ooerb6sruxf3n,female,20,J78901
274,8ajv97zyciosc57q0cng,female,24,J57489
275,i8gdglua8vbd4ul9x09f,female,19,J23517
276,qd5cqu3du8n28xxtkftw,male,18,J87654
277,fvlb9xi66oze7eo3yhdh,female,20,J87654
278,4fl8e5s0nf65bm2m34f0,male,20,J57489
279,4glo109mkgy7azntyttp,male,24,J87654
280,cunf3y04zq0f90dgy36j,male,22,J40192
281,wbdvbdebq64ujpi9u7mn,female,18,J87654
282,0gfiioqi5g8djhh1wzol,female,23,J57489
283,fb735wd248crm37cgmgw,female,19,J23517
284,zon2ut7eqwqd7i86etaw,female,20,J57489
285,1hrtipd0awjpggdje5e2,female,20,J87654
286,hcm6w0jxnfqhkpm745cu,male,24,J87654
287,z0ti2nr5nh9fpad7wntt,male,23,J23517
288,44x159fl0pw2uucriuga,male,18,J78901
289,7c2qxvccum7f93e8ohgt,female,21,J78901
290,d6qgzp196pwnzk7agyn6,female,19,J40192
291,alj4azvv1eqg1cyr3ae3,male,21,J23517
292,vqz1prz6hwnqepxsieip,female,24,J87654
293,4xh67ezjc331pg9q3kfv,female,21,J87654
294,t8a5fgt3wo8w18amulu3,female,24,J87654
295,7r0ywonplo8up7m35eav,male,23,J87654
296,no0afrue2n6m8hcnuek1,male,20,J87654
297,ymb5gxf0fi27kpj2f101,male,19,J57489
298,d93519b044de1fa037b0,female,21,J23517
299,afc99b4940e933922aca,male,22,J87654
300,c5d83404b165578ef794,male,20,J87654
301,dcd0562f8fb44933cb08,female,24,J78901
302,7694d71417c2f5202940,male,22,J23517
303,3ba42ec5350aacb0750a,male,22,J40192
304,e9b6fa8a87469779d732,female,24,J40192
305,cafe5989da5dfed9f404,female,22,J78901
306,d52b119f8da2a1812722,female,19,J40192
307,11dae4659d30031a10dd,male,18,J87654
308,ec4897070f2d3b6eab89,male,19,J40192
309,a3a0e2129e405aef3d87,male,22,J78901
310,a06fdb8743c4d4ef09fe,male,23,J87654
311,3ff069e95a9047dbfa8b,male,24,J40192
312,016226278e6a69e10aa4,female,22,J78901
313,7c1d8516e6c2ab2d3030,female,22,J23517
314,453d43b3f6bdf467e672,female,20,J40192
315,6fe309a58b787e7010eb,female,19,J87654
316,d8ed5a1897987ffdeaed,male,19,J78901
317,99a53846658ba3341de6,male,22,J57489
318,3919286d3d8c4f4d339c,female,18,J40192
319,4a6e1cf1e4e9d8f54717,male,18,J40192
320,0fc996fff93c00ca5ced,male,21,J87654
321,aa83cf5fc68c1dcb5038,male,23,J78901
322,c9c946fe211251af32d1,female,19,J57489
323,bb3328d3b1eecb5e1a8a,male,21,J57489
324,5f7b406b2bbf9789735f,female,18,J57489
325,61de1e21015e07aacbe8,female,21,J23517
326,5m6lgwi0mkqs8ilg3qqs,female,22,J78901
327,d1e44a91dd4f37c03d43,male,18,J78901
328,7bb37669654dedc7e397,female,21,J57489
329,061db2c91f94c612f2d4,male,22,J57489
330,76fe2c19fa84d58b584b,male,23,J57489
331,f36a755a3fa5db5c0743,female,21,J78901
332,cf7f9c2c6872be9bf2d6,female,21,J78901
333,b8162292f2171005c2ba,female,21,J40192
334,a8350dcececa0b02dd14,male,18,J40192
335,c99e6802625540e4d1e2,female,24,J87654
336,cade7d478dac7020a79b,male,22,J78901
337,20f97b68982d1b2f5c73,male,23,J78901
338,6d22912e7e93a96a8690,female,18,J87654
339,db0bcf208cbed26d0bfe,female,19,J23517
340,90f3fbedfce50f644011,male,22,J87654
341,728a4a393899c37a5429,male,23,J87654
342,e3d0782396c346359a8f,male,18,J87654
343,9d02a160cd171c5f4c18,female,22,J78901
344,9952cc289c9f690621ec,male,20,J78901
345,0c57caf5358d30408034,male,20,J23517
346,93f451c36b535d39003d,male,24,J87654
347,ac4d829c715fb0c36ad5,male,24,J40192
348,0d4a3518a188f6888380,female,18,J23517
349,fqcud1c5mt7pdp9w0v6y,male,18,J57489
350,rq44ojyrvdtad0tzsm32,female,18,J23517
351,h6miro3m8713s3dxuipr,female,23,J78901
352,lexte4gc3dvjb7ty0qf5,female,23,J23517
353,6dx4zt62b8m37krb5l3n,female,23,J87654
354,oi7j42phxrp4mc1n9h4b,male,19,J78901
355,i5hexmb5zlzhd8lvwdv3,male,20,J57489
356,cp4d94b2v0ws6am7mvuw,male,23,J57489
357,6cxj0lsinp9d7215gtpe,female,22,J57489
358,t7x7ydt3u1cd2svfvk4q,female,22,J57489
359,6iag08nt7se7f2hkgzx4,female,18,J23517
360,d3tt41de5iashfjr1txr,male,19,J87654
361,uk8sadmdmw8p7e22l2yr,male,22,J57489
362,svxexhg20hs3bbqd4fm7,male,23,J78901
363,3p34idi1traz2k8j0ulk,female,20,J23517
364,t9a891e0764br5ujna1a,male,19,J40192
365,zeuj820acn6zhcbx617v,female,21,J78901
366,i1fr7kd71b2ni39kn958,female,18,J78901
367,tvsgkf4oqh769h40lj43,male,24,J87654
368,buv73728fa9viqgrz5mj,male,21,J23517
369,w1uwjc89gv68yxkutpoe,female,21,J87654
370,fkenlzdweox7v0zaopqo,female,24,J23517
371,uy29im7a6hnc34lfp8ae,male,24,J23517
372,kilhyvtskm84umerpjee,female,23,J87654
373,8urc1lsyw615q5prnxwh,male,22,J87654
374,jyaxybaq8vui614ytd8i,male,19,J40192
375,ijieo064jbrs5ss1cmol,female,18,J23517
376,zc7xkcpo969z98kh6bg8,male,20,J23517
377,4vnvytgnlmv4jbfw9h3t,female,22,J23517
378,pv0c4za1m616k25gfwfb,female,19,J40192
379,mqqf68ny1kdp6i69i7tt,female,18,J57489
380,9a25hcbd3mhgaj0fyelo,female,23,J78901
381,9lfh7vk4u8eh6zz1dmvp,female,19,J78901
382,xsxczvs8iluovs3pt5q7,female,23,J87654
383,reo07h0d5zehmotdlz2w,female,24,J40192
384,2d526c27123e59103e29,female,20,J57489
385,488fc49e8fccd665c3e2,male,20,J57489
386,be032ee60c336e4701e0,male,22,J23517
387,19793e7e55b68c8dd776,female,22,J87654
388,fe752a6d1aa3d710d738,male,21,J40192
389,912794ea0c6936c83ce2,male,24,J57489
390,17e429460d5fda251953,male,21,J23517
391,2e3e7cbe0e69add8d31a,male,19,J57489
392,4bceaffe5e429ed3333b,male,20,J40192
393,f22c9341431a6123f670,female,18,J23517
394,0107f72b66cbd1a0926d,female,20,J87654
395,4c26df96293b4a52bc03,female,20,J40192
396,8e25bcfa51d165f162f6,female,22,J87654
397,9ee3e6df01c7cc22d066,female,21,J23517
398,42e83553ca9d77ab4aee,female,24,J23517
399,ba563fef8484139dc84d,male,22,J40192
400,9b1c065069dbb7a71617,male,22,J40192
401,1fa4f2361b8a03040292,male,22,J87654
402,82da6d26645f8f71bd61,male,20,J87654
403,a9554f5c3d61d05617e1,male,18,J23517
404,2e2c00240c341a4265e3,female,18,J23517
405,4e768251c78b687fa993,female,18,J57489
406,6964a3d507ac1ecf9e52,female,18,J23517
407,03754dce5ec7731fb3e2,female,20,J23517
408,4738a118c8b8fa271fd6,male,21,J57489
409,2af634997fba501740c2,female,21,J78901
410,c9e6e9322dd7054e618c,male,22,J57489
411,d72abe041b8db9118e70,female,18,J40192
412,b0a62c35bfc7f529e83b,male,24,J23517
413,a856f10303ba34926fdd,female,21,J57489
414,951678e2f3db4cd9911d,male,21,J57489
415,b34d4dc5b6c5fd7c5def,male,24,J40192
416,430420fb41fe0a889868,female,23,J23517
417,e17f01453906e3ae5716,male,22,J57489
418,d536120baaef5495c028,female,18,J23517
419,2ecb7fb5ff8899614c12,male,19,J40192
420,d6f3f410bbb24244d270,female,20,J40192
421,67f8d47cfb7b7b3d2095,female,20,J23517
422,a0fa57995e3e8cdcc13a,male,21,J87654
423,fe40bd528b4fbbf591e1,male,23,J87654
424,be52205cb48c05e10567,male,21,J23517
425,03e0c9bff3a9557480d9,male,24,J23517
426,60c3549c706fe13322ce,male,24,J87654
427,2826ec26211d83efd2c6,male,19,J23517
428,6b9ee688551136da2eb9,male,24,J78901
429,454c91e8f96c1dc4e994,male,21,J78901
430,854ce9f7f4d7b6115854,male,19,J40192
431,d103bd9455fb9258c805,male,18,J57489
432,13de1d3a55477a0c0329,male,21,J78901
433,pg8ucem69ixbqhznx0x2,female,18,J23517
434,vzdurh8f0rfus5h4bde2,male,20,J78901
435,ucxxvfcovdwuokyswife,female,20,J57489
436,yums89f0epz009xrrwrf,male,19,J78901
437,4y1vvkscejq34042oag4,female,24,J57489
438,ng2c52g74hfaudyxmm6m,female,22,J78901
439,ttsjumez81r1ot6tfe7n,male,19,J78901
440,m3xzctvbxlbxz80zz042,female,21,J57489
441,1nebcwra7a0fduy8c1fa,male,24,J23517
442,z9q10sbk27qpuvatlkuw,male,19,J87654
443,cgydhui8n3uoxbq5rznl,male,20,J40192
444,sdun9fmcol7sud39mllw,female,18,J23517
445,csxiwtz34vm9vr0kbryx,male,21,J87654
446,4v5xbvn3yhmvs97477pc,female,18,J78901
447,g5wbnnhq1jbyc32q3003,male,19,J40192
448,ulowmljtsh72z64haltq,female,18,J23517
449,19rc4zj7sw4ms0996992,male,18,J87654
450,mn8t0yyppsznr674ic1a,male,21,J40192
451,isavn2ahb9n5z1q8win5,female,18,J87654
452,uhky1uwx18u1e4nixzzf,male,23,J23517
453,h9urbo4ce8x02brjnloz,female,21,J87654
454,lewkf2owb42ywhfto9yf,male,20,J40192
455,p3cs5x8cxrwubesmagvl,female,19,J87654
456,u968v341lom8drwdzqqj,male,21,J40192
457,x8hocidvl3emcmrhw2f8,female,23,J87654
458,0sgnvj4zfg3xjjb9fl6h,male,18,J40192
459,7ddzwidmh4uwbopvlast,male,18,J87654
460,j8inicu0iafkpv3u9431,male,19,J40192
461,74g1r714u01v7nb4vn8w,female,24,J23517
462,em248gxmeso9cw0wzlv8,female,23,J87654
463,hoedc2pzfz6av5bn1jq3,female,22,J57489
464,3ywgcurp27qp1fydp27z,female,20,J23517
465,inyirhdpjahiguhs9e5b,male,23,J23517
466,flde3irykh8wauaj2fuw,male,22,J57489
467,1otvyki9oso9bg6ob16u,male,24,J23517
468,05e1c3ce1728da7e37e0,female,20,J87654
469,93f200d7351d4980fec6,male,19,J78901
470,4dfdfa5e1a04c832b9b4,male,24,J23517
471,151cd83784ab9007e8d8,male,18,J78901
472,8e1012c9f4775ba6a451,female,22,J57489
473,413cbf664ac3ba8307ea,male,22,J40192
474,3bf7b3c9aa7d93ecb603,male,23,J40192
475,9ad512cc6cbd79aa81c7,female,23,J40192
476,71f6622e7caa6ed92506,male,20,J57489
477,2fe9648ea28753c73c2c,male,18,J57489
478,4474f24ef69e01e2c001,male,22,J87654
479,f81f52969ef1de783de3,male,22,J40192
480,b9c7c66c8b57b9d3c6fa,male,22,J87654
481,a95a606f0110653858b2,male,23,J78901
482,66d7c0bdb21b7d5bd83d,female,22,J87654
483,c89e8b7b18082e2fa6df,female,23,J57489
484,522837ace4fd8dd743f2,male,24,J23517
485,0df40593e76a840fd64b,female,20,J40192
486,952e59666bdde6dad94c,male,19,J23517
487,800d0095388d11344b78,female,22,J23517
488,d53a4fb612fb801fff3d,female,23,J78901
489,71ca74e191e71b0219b5,male,18,J40192
490,dddd7ba8769cf90bfd62,female,19,J40192
491,758a52e21fd5c23cd7ed,female,19,J78901
492,4cc0dc56eecea1d928d1,male,21,J87654
493,e62f7655cb5259abfbf1,male,18,J78901
494,0258f681a9e1756dfc76,female,22,J78901
495,8bf3625652581859dcd1,male,20,J40192
496,63c38a00d97e62c31e08,female,19,J23517
497,f9dde99f5db421171b51,female,22,J23517
498,b1b3363b7086aaa99b0d,male,18,J23517
499,e4af37199530e9ea523c,male,19,J57489
500,204fdbe885269686a392,female,19,J57489
501,b1fbf77b475e79c3d413,female,18,J87654
502,7f1c076b22be73eef99b,male,18,J57489
503,b9a8b9ee84232efd7d61,female,21,J87654
504,52a24e35d5356ab34a2e,male,23,J23517
505,5abcc9d4fb5e764b2f6f,female,22,J23517
506,04f2689b4ea16d8d7d9a,male,23,J78901
507,2db6dd71f1d07300382c,female,22,J23517
508,d2c5423ea5fa0a995264,female,20,J57489
509,81c441973fd4e024d60a,male,20,J87654
510,83b54209fa2b1055369b,female,19,J23517
511,9ee4ff457095eaf23309,female,22,J57489
512,b6808721d4a7900e360a,female,24,J57489
513,f05247f3d32a4bf5a6df,female,21,J57489
514,6fc66606e74242398444,female,24,J23517
515,5a44a7c59729d41d596a,female,22,J57489
516,05e6d9723ab3cde0841d,male,24,J57489
517,2a515047aa9d085849a2,male,21,J40192
518,3f34e3108d1108dab0fd,male,18,J78901
519,42dd5f9cd9e2c3ac9ed7,male,18,J78901
520,e5cab2ae37f3a9ed4f46,male,20,J78901
521,ca10145a308249ed82e9,female,22,J23517
522,5cda8273b348fbda9f29,female,20,J40192
523,96c23b85b0b4ffdc3cae,female,21,J40192
524,329622100fe091a4c48c,female,23,J78901
525,2933a3227c7ce7fe21eb,male,20,J40192
526,3dba043eb6065ad3a343,male,19,J23517
527,8a9f3822aaa08e579e4f,female,18,J57489
528,1367d35cf39783effa7a,female,22,J40192
529,c6ab0de398cfcbd21dc5,male,20,J87654
530,4e508744a9816cc4586a,female,19,J57489
531,o3jddioub8dsv0fm22qn,female,20,J78901
532,4130weedl0x9hc7qe5a4,male,20,J40192
533,aqpg6qwtponj9ojmx6ls,female,23,J78901
534,pgknalznufvmvwgc1ca8,female,21,J78901
535,oc0ww31yssff9rktgowo,female,23,J23517
536,rsclhbtmbxt0xrye64ax,female,21,J57489
537,orubxhpr5e1heat93ue4,female,19,J57489
538,4x441h9y6wzknmtdw7q4,female,23,J40192
539,2a6ap0t2rsvoogmydj3a,female,23,J78901
540,daty5mq7b20bkt2c2zfs,female,22,J40192
541,hhplrx9xd7cm2w7aslma,female,21,J78901
542,xgvqpyg5mro3wihwngur,female,20,J87654
543,jnupp0jsv1kjsvbzlnrr,female,19,J40192
544,u9owl1eky0jf8t3nc50o,male,22,J40192
545,ubi6gd21j9e9rw46hoz6,female,23,J40192
546,tv0sptqq56ri3dpcd9nl,male,20,J40192
547,8kvpozl8kjupzd4yvwbv,male,22,J78901
548,m6p2hujqw21vc4lyt3f3,female,23,J23517
549,nx4zicy1jbulkuen41s5,male,21,J23517
550,xnvmb8uox3576k142awg,female,22,J57489
551,nkr2o4v6q9alvt7ju51e,female,18,J87654
552,01qkq6w2v62cimidb3b7,female,19,J57489
553,tp8x8dgd7d6dhpth8xni,female,21,J57489
554,uhthvh60xp911d47x7xm,male,21,J57489
555,a30afe3tftu3pgsdxxdq,male,23,J87654
556,9nfrfi8p7oktnfr9c30b,male,18,J87654
557,34qcy2qj5lij7g82hpvw,female,24,J87654
558,mhufhb84kyqgs0anwy1d,male,23,J57489
559,1afepx549ssnar1m9acp,male,19,J23517
560,j605t14y7ie6vr2n8s2c,female,24,J78901
561,zq3xohaut5o9dbd9064z,male,19,J57489
562,me4d1o3nzhyoj0xfast0,female,19,J40192
563,p611flt77czmqgut14jl,male,19,J87654
564,zuw35j06tzftt6oon4c5,female,19,J40192
565,f527k17lr4aumahjtj92,male,23,J87654
566,33184c1cba6a37cdbda2,male,23,J78901
567,3f81bf9625e47ca1963f,male,22,J57489
568,8bece93f0b270602e64f,male,24,J23517
569,27cc9165eef05eb1733f,female,18,J87654
570,3c37e3ad275dcdd39e2c,male,23,J23517
571,46e2d5243b6eef040f97,female,20,J78901
572,37f3b3d773c5c073bc9a,male,20,J23517
573,96dc0554852b5a94a400,male,18,J40192
574,6273f50d9a0b4e6d971c,female,22,J78901
575,4478eae73fb84cedb102,male,18,J78901
576,0a7f1a73361654329281,male,20,J23517
577,301f57984e5d2969c938,female,23,J23517
578,3b3b2319b0995f149ecc,male,21,J78901
579,3313c40ea45a87f9d2e7,female,18,J40192
580,81931021ce711e124d0b,male,20,J78901
581,9294393fcd13593bc537,female,24,J87654
582,31741464205aa8cdb4f5,male,20,J40192
583,c63d5a67687762a9f967,female,21,J87654
584,ad29c5822807dabe497c,male,24,J87654
585,6fefd33cf297f69bcae3,male,23,J57489
586,17dda5f588bed077c742,female,18,J87654
587,6d90c2fd38f2ea52ffd8,female,24,J57489
588,fcf6463f948b24ac7cd8,male,18,J87654
589,d1df92e9d19fb2f22ebb,male,21,J78901
590,72d383f55803c5a81bd6,male,20,J87654
591,c20c86d30d19b39745e2,female,19,J40192
592,f26c1d520ac39293c68a,male,20,J40192
593,bc48d03763657ec4aa63,female,21,J87654
594,09e4bfadd7e012c37c7c,female,20,J57489
595,fc39de3859d890b9693d,male,21,J57489
596,a94a32ebd5f7d177053a,female,23,J40192
597,9b43f5fcb5d592a689af,female,24,J57489
598,b26aab632fd33a01020a,female,20,J23517
599,074d7f43de7264306775,male,21,J57489
600,fabad359607dabbaaed4,male,19,J78901
601,d6d6e7da792fdf0106f0,male,21,J23517
602,e6b9a4292b6a8e8e0ef0,female,22,J23517
603,9493dac6dc982d2b3dbe,male,18,J57489
604,9104b8987aefa9d8e884,female,21,J87654
605,7ec5fc60b1ce755e0e17,male,20,J87654
606,24ca7714d40e2fe53821,male,20,J87654
607,16c505069c1e5c2bece5,male,20,J57489
608,69a4b3d15a5bf0d0e43e,female,20,J40192
609,6abeead45fd57abadaff,female,22,J57489
610,5e89fad73b2ada2a30bf,female,21,J57489
611,94066a900026329cd5cd,male,23,J78901
612,0bb8692f43a372e8d967,male,24,J78901
613,e224221a9971f9f45489,male,22,J87654
614,c42aff1f9940e24491cc,female,18,J40192
615,a34fbbb7d9a19eb82450,male,24,J40192
616,3c71b62d597098c4cd18,male,19,J57489
617,43d34a076620e32fedfa,male,18,J78901
618,eec0307b4d47609d6933,male,20,J78901
619,d45eea92ed42431d9076,male,20,J78901
620,fe5cf715d9c94fc7779e,female,21,J40192
621,1f56b6bda24efafcf3a4,female,22,J57489
622,c682f6819dfbfc964bc7,male,24,J57489
623,81e59e96ce9bd6a76bdb,female,23,J40192
624,a96027a83196027cf822,male,24,J78901
625,f964ee6bca634319a68f,female,18,J57489
626,c35834f349db8ef7c591,male,24,J40192
627,7f91b4ad141d21887b79,male,24,J23517
628,a11b89c60677835e450c,male,22,J23517
629,lf5hmkicbiuolk7khwwb,male,19,J87654
630,4ewf46mylf75olvvihqj,male,18,J87654
631,u2rchqp6tof1bkr07izf,male,23,J78901
632,nrv5a6tr3ya2iv3p5xpo,male,19,J40192
633,70ym0xeqaqmx14dv6myx,female,23,J57489
634,r7embk7pqzg5g5p245x4,male,24,J23517
635,b2imd0ms1p4fxkfcpygc,male,21,J57489
636,jv67r7eqa9z2a1777eex,female,19,J40192
637,8jo5o2abn697lg482k0e,female,18,J23517
638,ezdogkk0jqt4nvvvbnxp,female,20,J87654
639,wf7yq9n2spgto3w5ad9r,female,20,J57489
640,p9enp5lzhiufas1xpd8p,male,22,J78901
641,lx7vfcjhdxzh2wkt42hc,male,24,J78901
642,dwg6k0ka5vuwzo5h11m0,male,24,J78901
643,5jxldd3plo4x6oq140l5,male,24,J40192
644,orgvbr9mbmfo4z8tbsa3,female,24,J40192
645,3w0b2b1gz9i1nhmtab7s,male,22,J40192
646,22fey6dqzcrm0jbtfnmm,female,18,J78901
647,4atjmlccken75lck9ffp,female,21,J87654
648,tuidsy7wcktf3jppecp5,female,18,J87654
649,gzthlilac9ixoayq02u1,male,22,J78901
650,r3uk44zat2tcyj5wmojt,female,22,J78901
651,k1r03pvvsv9zxrft5jgi,female,23,J23517
652,5ez4c53h3kdamnlvkpna,male,23,J40192
653,p10d5vx8mpn0v82i51gp,female,20,J87654
654,sushd67p0jy6f04a3h0m,male,24,J87654
655,cmy2w5due4kl6pn6uia5,male,24,J87654
656,4oqxw56hzk4fk8aqh3e0,female,24,J40192
657,d4geyy1ox6qzlz4ibz0z,male,23,J87654
658,wu3cwt7cavxrllp6s123,male,22,J87654
659,sf30f3p1koevnfztc2pd,male,19,J40192
660,i8lx9f5ut0kaz120j30d,female,21,J57489
661,6ixkthdoadcwip3r1sy2,female,22,J23517
662,skyax9iocbd5gzronpru,female,20,J40192
663,s97masc6nt48h4ly8s1w,male,24,J87654
664,510a90cd169e2eb042ab,male,24,J78901
665,2959d8017312337a2ba6,male,21,J87654
666,07e3362d20ff4337671b,female,21,J57489
667,b6ed77b2b3283f9379c8,female,19,J57489
668,09dfa3f18e48917f0242,male,20,J23517
669,dba2bc2a15c1e8d696fe,male,24,J78901
670,ca66ab7e59628143cf1e,female,19,J40192
671,4a7f53c0a376edadf38a,male,23,J87654
672,bfcf5965e6024248f0a3,male,23,J87654
673,4156dc6090d72c95c23b,female,23,J23517
674,1b36a3223f9dd94a211f,female,22,J87654
675,8cdbc02c05d6ebafa9eb,male,21,J23517
676,390d1fc3b78420815190,male,22,J40192
677,be24259f2867b231800d,female,24,J23517
678,c7c79725138f07b9c265,female,21,J40192
679,e199ddadaaf5aee02eb8,male,23,J57489
680,b92448e12093e45dc6ff,female,21,J23517
681,28d90a892cc66338f962,male,18,J23517
682,3a9d955e2ef47191a742,female,21,J23517
683,1096bd470d3ddff1ec1c,male,19,J87654
684,8b586d8b9c06414b2487,female,22,J57489
685,cc317db3f3bb874542a7,female,24,J57489
686,1224ceafb61456a033d0,female,23,J78901
687,29acddb87cfe062d73f5,female,21,J23517
688,e103cf810dfba59d0431,female,22,J87654
689,25c8e1ae2335e8c3e5b3,male,23,J23517
690,b8a4fd679898150ef87a,male,18,J57489
691,80423084979315c20dbf,male,21,J40192
692,217c87d59a4372c4f3fc,female,19,J87654
693,5ada57d72f07c3803d33,female,22,J57489
694,f1c1c0932bfeb74762d0,female,23,J87654
695,b21ec59d991586279d95,male,22,J23517
696,e28711e2f5500d3d6b04,female,23,J23517
697,0d260d8fac2289c8ed9e,male,24,J78901
698,4c79be630ae9d3db6aaf,male,23,J57489
699,5e12a0421c20717035cb,female,23,J40192
700,7207088b2ef28ff6b669,male,23,J87654
701,c24bc0aaf20c79d2dfda,female,21,J78901
702,24524df0ca55659c384e,male,20,J40192
703,ed5a13234f04cae4894d,male,24,J23517
704,e7958857e7d2292ffbc7,female,21,J40192
705,86366c9920186cc4d1a3,male,20,J40192
706,767e222eeb367b2b010f,female,22,J57489
707,46a60ed041c8ebf98061,female,23,J23517
708,54342435561e775ce97f,female,23,J40192
709,78e6c80ea8dc73ec747d,female,19,J40192
710,f50dcd09709383fea95f,female,22,J40192
711,ade35014b25afed24916,male,19,J78901
712,914f82268754cbf71a54,female,23,J87654
713,c0884e4814b0f32935f8,female,23,J40192
714,a87767892344a954c746,female,24,J78901
715,8f81bd9cbc5471ebfc60,male,22,J23517
716,vwyziyyebvsje4dqjsrp,female,22,J40192
717,5c83f4ed6601ddf1a6fa,female,23,J87654
718,0999173c045ee29a0b44,female,22,J78901
719,8f477d2c60ec76ce22b7,male,23,J57489
720,6604efc6fd93e070f40a,male,21,J23517
721,1883af270e36a7580332,female,21,J78901
722,a14b9aa97f66fc82ede3,female,23,J78901
723,388090578f22a3c33738,female,18,J23517
724,1fc5b87acdfc2a8b580c,female,18,J78901
725,0b28c0a454678b75eefb,female,21,J87654
726,dfa917b9dc15c87ab016,male,21,J23517
727,2e54b1c7bff5847c82a8,male,20,J78901
728,869eacc999a52155ed53,male,20,J40192
729,cby6hsod14blxr7zyfjs,female,22,J87654
730,gm1xiqmop9j2d2acc2jg,male,23,J78901
731,lqm8jh0uggps7yd0lx2x,male,23,J78901
732,7ae6jy1vw15ppmnq6sba,female,24,J78901
733,quam8ci0euq2dz8xldzz,male,24,J78901
734,4bq1kdgygbtif8w80s5y,female,23,J40192
735,l41f9f1gb0y5rxcqfv64,male,24,J78901
736,d16ht4y29lrac1brhwm1,male,21,J40192
737,0txd5enpfmbrth46w74b,male,18,J40192
738,preni1j2j1gkvq1knpag,female,21,J40192
739,ggweeccb6anw0j3y32t0,female,21,J40192
740,uem908xkm2x04s4iu84k,male,22,J40192
741,nd9xpohv0s4ttw0o7fts,male,23,J78901
742,ny6yox8nvtlotclebkk8,female,23,J40192
743,hpb03ydulnt2b9ffa0j2,male,22,J23517
744,2krjeqjgjqfuumdo3ibt,female,20,J78901
745,1n42senfkcjopw1zh39l,female,18,J78901
746,jj1jl4nhnkxllubypoq3,female,19,J87654
747,f5j3cojh9fr5gvylr0yi,male,22,J87654
748,hkk3qiui3e3r969oyfhf,male,21,J23517
749,xw0r5n17yfqv2va40bhi,female,20,J23517
750,4erna0vkk9gu5umle1se,male,22,J57489
751,fvqo3hum9a1rl6rxbyre,male,21,J78901
752,22wb5ostye8edvfar59p,female,24,J23517
753,bgvt5n1h0qt51ze0md7w,male,18,J23517
754,g4l5baozrnfblxayrhox,male,24,J40192
755,ec5zb47nxjbuzemc81p0,female,19,J87654
756,rd4p70jwu852pbdjwl2d,male,22,J40192
757,59bybxqvhton27u0jtfm,female,19,J23517
758,x7xh8m5fvmipvkav1cb4,male,18,J78901
759,ljylby8inwh5b93wkean,male,19,J87654
760,ygoahstwe9gz9w87qncs,female,18,J87654
761,xlp4p1b56hrhhyr2y3kd,female,21,J23517
762,me044us8pj1824r4dye2,male,21,J87654
763,0lgtv09uoh3ova8sjbze,female,20,J40192
764,4e693829528e3e7de62a,male,22,J87654
765,4aa8ff74dc576b7adbcd,male,21,J87654
766,792e3326f0d9f68389d9,female,23,J57489
767,9b913075e93b2b788102,female,22,J78901
768,1c2aef3af32f6323a31d,male,19,J87654
769,9f0ce6d4cdf9d1772417,female,20,J87654
770,db0241cf536c2174d9ed,female,23,J23517
771,2c27d4de6ae130e7e242,female,18,J40192
772,2b3492096a4d12bb86cd,male,23,J57489
773,f8c2f04e8e116f0fd237,male,21,J23517
774,2a6394114c31a10dc92b,female,21,J40192
775,0559e9cf806dab4cc20d,male,22,J78901
776,6c14ce386a9cda72549c,male,23,J87654
777,2007f4965d2aa6064a25,female,20,J57489
778,6fa0b38bfd05105503a1,male,18,J57489
779,3e4e608ace87fe97bdb5,female,21,J23517
780,d554e419f820fa5cb0ca,male,19,J40192
781,b8d20bc2e0d3d86f5613,male,24,J57489
782,df62b7675d1fdb8e6b11,female,23,J78901
783,ff63c210b94623453b5f,female,18,J87654
784,a2f48a796e250a14ff55,male,22,J40192
785,8975db410fd78d462688,female,23,J78901
786,dac03bcbefc3a08c8b50,female,24,J23517
787,d7464b55181ef45e2d63,female,20,J87654
788,663aff87732c52f0e342,female,18,J78901
789,c3beec92b66ff78a6ba9,male,21,J87654
790,7535fe5ae754da62a534,female,18,J23517
791,d9dfc134efd3826bdaed,male,18,J23517
792,e2ea6dbbe90983dbb208,female,18,J23517
793,6efd2d79656d1b056f72,female,22,J23517
794,d5067bceac0ffa5e4704,male,21,J40192
795,ebe7a295f61c831b0093,male,19,J78901
796,fc916744a3bd5120978f,female,24,J40192
797,7c30aec52f13bebe07a6,male,23,J87654
798,2d9a38c93e37bc475cb6,male,24,J23517
799,a1a127e2bf29c380819c,female,21,J78901
800,2c7d02c44b47e3d24d52,female,18,J57489
801,ce9dd8f1570caa0d6f5b,male,22,J87654
802,7c039dde693a18f3a834,female,22,J40192
803,hjcfqm1yfzh8s77mo3ec,male,18,J78901
804,1hues7esy9erdsses6m0,male,23,J40192
805,p58nsuk0hj5uh2xk2k9p,male,21,J57489
806,5l1b1ma70rilf7mojch5,female,19,J78901
807,zylvq01zq0hxavbvsd2f,male,21,J23517
808,4ycyhj8tyx2b17fcx29j,male,18,J57489
809,n1nh33yq3nhwt4mx36yc,male,21,J57489
810,jtbq3gkfw2tcsjvfwm56,male,18,J57489
811,oriig6s6fmvi4f7mxamy,male,24,J87654
812,i3b6qk80m9jqwgft968o,female,23,J78901
813,2svwdpmdpjsdzafekntw,male,23,J78901
814,81kmylu471y1njt1pin3,female,20,J87654
815,e9vzigim3qs88f721ohz,female,18,J87654
816,8rsw4xhmff15occogf32,female,18,J57489
817,siv6gzi7una85o8fzrwi,male,24,J87654
818,ti44fbogdeqbfflbizj7,female,18,J87654
819,5rxl72n8rmnxwrxcss0q,male,18,J23517
820,tbypawuj167ycyvg8sc2,male,24,J40192
821,10xnkvdetxarrkdhx4i9,female,23,J57489
822,s8uk59p9w5ck47wlw3ea,female,23,J40192
823,y0bdtutppfdzzttzq8dy,female,24,J57489
824,ipd72mytvphpd9tcejgb,male,21,J40192
825,0dapvs3h4h3h1ahmt2o8,female,20,J23517
826,95jqkrj6zv7qf1wz1p8e,female,23,J87654
827,jivt017uwst4sg4fqlek,female,22,J78901
828,9jq31h6i3ny1lx0mx89e,male,23,J78901
829,cm2celd9hmos24j2a5cg,female,22,J78901
830,wmes720kojsggeq71m5y,male,20,J23517
831,8nqoz5k93j7it8w0muhl,female,23,J78901
832,6qp85ufr2o1zg8k0cvtb,female,18,J78901
833,5zczdtyecu2w495j80xv,male,21,J23517
834,bt192zri52uj2flwikrw,male,20,J23517
835,qol4cum3ewnz45dzpijx,male,23,J23517
836,k8d21tlgxmu6i35atvub,male,18,J87654
837,vd2j77wynysztt2wbv2v,male,24,J57489
838,119b36a5797d5ce69625,male,18,J87654
839,ee07cc24589beb775d33,male,23,J40192
840,44c7cf3881ae07f7fb3e,female,24,J23517
841,c681117f7f586fd730bb,female,23,J87654
842,1cfe33c5b178a0c2367f,male,23,J78901
843,6496d6268092ef8e7e9d,male,19,J40192
844,00cbf05221bb479e66c3,female,19,J23517
845,5963ba5cd9d242a00e22,male,21,J87654
846,9a630f9e9f4ec26d8fcd,male,24,J23517
847,21e23771e52cb5291b19,male,19,J87654
848,9c48779f6e97be993771,female,24,J78901
849,9795edf22e930bc30fa4,male,22,J57489
850,bf07cdd92f1ff3197397,male,18,J40192
851,7742559d8e833fbcd326,female,24,J87654
852,8a45d6748ec853f7694c,male,22,J57489
853,d3e269bf68d51851097c,female,21,J23517
854,8f1ddd99ac8c59bbd788,male,19,J87654
855,03b463f52c0fff35433b,female,21,J57489
856,b7f42d4b51972267680e,female,19,J23517
857,a1d00fdd7660b7e88077,male,24,J23517
858,ac7214620207dfdd149d,female,24,J87654
859,117ee98c7f916c88ddbb,male,19,J40192
860,91439fcb2590c49dd20d,female,24,J40192
861,53d51965c40a54cff1a0,male,23,J57489
862,efd58fbebca61c41c881,female,23,J23517
863,be75e05b9db5efb1258a,female,19,J23517
864,a337d5368b0d110803b1,male,23,J23517
865,204a7d6db340a3c18ca7,female,19,J78901
866,97442da123c449f6a146,female,22,J23517
867,cac84b1c3033872272f0,female,18,J57489
868,882ccee198e25b49b30d,male,19,J57489
869,8068144149e4ba65ef38,female,23,J78901
870,d035c324a020e7948fe8,female,19,J57489
871,e43a0e28d5cd6b54a2af,male,20,J87654
872,3565d61f3efec69e611c,male,24,J57489
873,e7feb8599ea5f596aeac,female,23,J57489
874,8ca890875272aede0af5,male,23,J40192
875,2150588a5903d9a77b79,male,21,J40192
876,e2d7ee3637149f7087b2,male,18,J40192
877,bd8eb49a6b08f5e66a70,female,22,J78901
878,915813ad1b5f1bbe2d6e,male,20,J40192
879,38357be0ab369a9ae942,male,19,J40192
880,798ff22d126a0f8034ff,female,23,J87654
881,4cb96f0d9108066442a8,male,19,J23517
882,cfaac49f7cc94528ffa7,male,18,J78901
883,89af2669cc93dc97f545,male,19,J87654
884,41abb1b9df74d29b7732,male,21,J87654
885,a5c03c57b0930cb5c2ac,female,21,J87654
886,ef133c92e274a97b6eeb,male,19,J87654
887,fnvhgnuqbir0drk8p1v2,male,24,J78901
888,zse4s5wowlo5xntqyqb4,female,24,J40192
889,wyhkcaf32y8h3707qzrz,male,23,J23517
890,2egpenarap9h0a2k0bc5,male,21,J40192
891,cfi8t4xrx12m2lt4flwz,female,23,J40192
892,t8sflynjwck4f650mtvp,male,21,J57489
893,pva49fsfcbexwz1crjvg,female,23,J87654
894,lswzzwjmreuixxjqglhy,female,23,J23517
895,votyzmo33yg7y89dag17,female,23,J87654
896,cy2sv8kkoybje2okbll0,male,21,J87654
897,jsmqh4aa20rpfeqmyx4h,male,24,J87654
898,ss27ig83t1pi1ztsy5w8,female,24,J78901
899,7rzwry01x1n79a7rw5va,female,23,J40192
900,yvyud23n1eara086vntf,male,20,J57489
901,9btb3ax7qaitktvbvn8g,male,20,J40192
902,vrx3ianblcyuixzmhzl2,male,24,J23517
903,qmf8702zbahi9083s7aq,female,21,J87654
904,13nq2h723zixyhir01lf,male,19,J57489
905,ta1gbqs6pw15bx0jb5on,female,18,J40192
906,jhmn3s11l13woe6jy3zg,male,20,J78901
907,w0u7vzowm7eimiupvmm3,female,22,J78901
908,2h9c9tdsnoz1hyzo5frt,male,19,J87654
909,vou4hlfvp8hv0r4odzq6,male,20,J40192
910,6g7c63m95z8acd3vx5ct,male,21,J78901
911,te17utf5x961ldgs8zwn,male,21,J40192
912,csvv3l0saxxx6pax18c3,female,21,J57489
913,kg28tppvvsvr918dkvlb,male,20,J87654
914,28tmrs0kyrrh1odyvf21,male,21,J57489
915,l82rq4xaymt7t5uytax9,female,19,J23517
916,jb3fqd2b9oyprn83h646,female,23,J57489
917,oyaoqkf2b1we4b67bv8l,female,23,J57489
918,l2yv9tvvcakn7ikerccy,male,23,J87654
919,xz7x7kwsn26marn29mag,female,20,J87654
920,qg0soq1i1uy7yndj17gd,male,21,J78901
921,8ivuhc6n7pr63b39dupt,male,20,J40192
922,139429592a9c23c08b71,male,21,J87654
923,b217bae3c84d59dde71f,male,22,J87654
924,e50db74322430aa289b1,female,18,J23517
925,4388d48ebff4cf866ecd,male,24,J57489
926,cef765c4375252a6029b,female,20,J87654
927,3ac65fbc295f5fbd2ff7,female,19,J78901
928,e73ae5f649c6f52b3fb1,female,20,J23517
929,b57bc31cac59b3d26216,female,24,J23517
930,132c90d4a027a4477ad0,male,23,J57489
931,33c123d08dc07edb50f9,male,19,J78901
932,9f447b50d5788f7b4d0a,male,22,J57489
933,23f1f5d3d90e2890a423,female,24,J40192
934,34aaaa47df8c4aa4d926,male,19,J40192
935,875704a45c0214c68eae,male,22,J57489
936,c5c5e10586e94f96fe95,male,22,J40192
937,2a003b122e9500e465c4,male,19,J87654
938,533bc4c6716035e694ac,male,24,J87654
939,a624e4f6e0a8f026cba9,male,20,J40192
940,7509bbe0d23fe15928ba,female,21,J78901
941,eb93cedc17b4eac76750,male,23,J23517
942,1feef8b4129f5bf21e67,male,22,J23517
943,951d2aca1b8a1c336908,male,23,J87654
944,49b95110a8c59f6b6c58,female,23,J57489
945,b8c0c68e7f1220949deb,female,20,J40192
946,451b0095938a3c54efc4,male,24,J78901
947,e4c80506c14da4ad563d,female,23,J40192
948,25019b8f1c3ac537894b,male,19,J78901
949,4884f3bdc068ef01e042,male,24,J23517
950,b43532c7a35b6aedd478,female,24,J23517
951,f9c641e9c05c243a751e,male,18,J78901
952,960bf72352d4f58ad083,male,23,J57489
953,0557b1363a5092b5811f,female,20,J40192
954,091554ffa26fc9b17c36,female,21,J23517
955,d7ad1a5f3ab7d6237f8e,female,23,J87654
956,e4d6737b176e6ca5ef06,male,22,J87654
957,5914db0d4427b322e8af,female,24,J57489
958,6314d7cbc465e29f357c,female,23,J78901
959,d2cb0d0da17471ee23a9,male,22,J78901
960,75dcc10ba89fd0c25d50,male,21,J23517
961,98be3476791a8df7e937,male,21,J40192
962,29172d2e39ca0d890848,female,23,J78901
963,b083663157e08e36d335,female,20,J23517
964,48ad93c227abfa9542aa,female,24,J40192
965,3ab864e1e692786fefd2,female,24,J23517
966,3b6f3bb370f3107e257d,female,24,J87654
967,a12c27630a75f6a4a64a,female,24,J23517
968,hq2dy5tjgczdmkvq0l2d,female,23,J78901
969,4a0890c15c26984c191f,female,22,J87654
970,a0b36e07079573966740,male,19,J78901
971,852687af72e9ee38fb42,male,18,J23517
972,9723ceb0cf2dca42c118,male,22,J57489
973,bd657014cfd3fe7a8fe2,female,18,J57489
974,2xk6toebmkxdw8f2bypd,female,22,J23517
975,02068067a434adb6556a,female,18,J23517
976,3531c5f9d520759ba697,male,21,J57489
977,037a76bc8e6bf5fe1fc0,male,18,J78901
978,c08165d73ae49215c391,male,19,J78901
979,84146496b8d6256d6982,male,21,J78901
980,5be7405ad4ae9d9a2853,female,21,J87654
981,avehb7ibwpvjcgcr474k,female,21,J23517
982,sfmngecoi3b7ahvhi2k6,female,18,J57489
983,1f4oscu6io8xlog2157e,female,20,J87654
984,gj009a2t56bxjluh0mox,male,19,J40192
985,ov1tvylbnny48ojayssl,male,22,J23517
986,qw19zri3d9vkqjhcn3xk,male,18,J78901
987,yesnbayr80dvsb8ajp9v,male,18,J78901
988,msko5bf6rjt9adsuxby9,female,23,J57489
989,8hn55e1bxuyegxa76l3r,male,21,J57489
990,t23e5lcdy5k50uvg5k0v,female,24,J87654
991,gsirdbny6840zq22vo7a,female,23,J87654
992,rb8z9vpc5uyhbcaa71v5,female,18,J40192
993,fcwom6dicy0kov3lxsf8,male,22,J23517
994,1nyzl7s790ta4c8r1l9g,male,18,J40192
995,rdf3wmujcm1k56ftf8uc,male,24,J40192
996,40rkj6cwy12hdupgq4w2,female,23,J23517
997,obyl72l5qy37to65i5ml,female,20,J87654
998,sx8c4g672zgcw7w2lflp,male,23,J23517
999,wj1gt5zvzfnjf7xcf1c8,female,21,J40192
1000,p9a57kwg5xdwjzm8eql9,female,18,J23517
1001,w9r5wihhl33fmutbq5qd,female,24,J57489
1002,z0mde15metn3m79ek96y,male,18,J40192
1003,udbo68xozj9btqumivk2,male,24,J78901
1004,qu1rl2d6teeyti106rgx,female,23,J40192
1005,i8wbhc071gfhkbhtmeb1,female,22,J78901
1006,8l0qqik09gqh0e5anus0,female,19,J87654
1007,7kqvekz6iho08947fhk9,female,24,J57489
1008,148o63s7q5aitfxmmtrg,male,23,J78901
1009,gk8izwg77g6t4p5buiar,male,21,J57489
1010,70exfe4k4e5vvm5sqspq,female,19,J57489
1011,e43g7im7dra88a4o8bbl,male,18,J40192
1012,lqg2nmqf4x8w52gx12xw,female,19,J78901
1013,lpzjucfyqwtb8ihim9b3,female,22,J40192
1014,woxwsoo99kl7vq4mk0rr,female,18,J87654
1015,gq3jw96afgct5rjiim20,male,20,J57489
1016,hc0idvz0lxc4zpx94cbx,male,18,J23517
1017,43vri1lqbgiiwbkaskqd,female,20,J87654
1018,43d98a750c726bb39d11,male,21,J40192
1019,5d16326e4577a67d94c6,female,21,J40192
1020,e00bc7d9f2ce32c4f745,female,19,J23517
1021,21fc5674d24be8e9da89,male,23,J40192
1022,a7fc1ba478db11fde063,male,18,J40192
1023,63ff3dff3eb31d62ab3e,male,23,J78901
1024,4edfd2e1b7c5c5d1d384,female,19,J87654
1025,cbc8550ffaf44443c7ad,male,18,J57489
1026,766836b5f30556e81da4,female,22,J78901
1027,df02e3643bb9ee33fb0c,male,20,J40192
1028,f5c3c6eb77fac482de13,female,19,J78901
1029,5f8d87412f69e3d9fb13,male,24,J57489
1030,6923e581d76689cb57a1,female,19,J78901
1031,e865c97bc96802575f80,male,24,J78901
1032,fb5d5693ffa9f022a191,female,23,J23517
1033,1bd9bb053a3ac1bba507,male,23,J78901
1034,49ef48443e09f8be12f6,female,23,J23517
1035,def1216bf8f3009dbe41,female,20,J40192
1036,d02f48d05ce5e7ca16e1,male,23,J40192
1037,6b22922bfe081d68c7a6,female,23,J87654
1038,baed8a816ea02ae929f4,female,19,J40192
1039,dee7cfe3312551bdf5a5,female,19,J23517
1040,ef912a5602a5f70b244b,female,21,J23517
1041,48a71a6a5a15e31084e3,male,21,J87654
1042,16d68f70cf5e52d0b34a,male,20,J23517
1043,ba8c301bda7090bda756,male,18,J87654
1044,311abc37a94ae8afe41a,male,24,J23517
1045,fdd50b3ad56dcf116c82,male,20,J78901
1046,e22c18eef214a779b4c2,female,18,J23517
1047,8711049a2e0ef13bb10c,male,24,J57489
1048,9ef8a5baccebc3841cb2,male,18,J23517
1049,adcc5c13042d66cbfc8b,female,23,J78901
1050,54f91ccb08cbece520da,male,24,J57489
1051,cb65e2038b786e801292,female,23,J23517
1052,1f67cb2e7affbb00b6c8,male,22,J40192
1053,45b6cc87a7e957f83027,female,21,J57489
1054,ff2d815d9ef74b153b54,male,21,J87654
1055,73ae359d8e93d41ae4ff,female,21,J57489
1056,264320c6b92b92795ba0,female,22,J57489
1057,504278569f7c6dff25e3,female,20,J78901
1058,40eb36011ced9a882ea9,male,18,J40192
1059,ed4b51eb098deb0ba58e,female,24,J40192
1060,b4a2138f577d9306f593,male,21,J57489
1061,76366e9c264169b2bae1,female,21,J57489
1062,d059dfed16a6d1ca6ddf,female,19,J57489
1063,0b828e1ae026c57b34dd,male,19,J23517
1064,b1976734aee3bf129820,female,20,J57489
1065,50673b01fd2b0c765572,male,24,J40192
1066,b3ac0cebf20ee45135ca,female,24,J23517
1067,74137c4db75be61c10fa,male,22,J87654
1068,781f69b185122bfaddca,male,22,J78901
1069,744e7141564ed216b812,female,24,J78901
1070,3c1b9222136b752563f6,female,19,J57489
1071,48a96425072cefa0dc69,female,22,J40192
1072,8ee4fdce37fceab5620a,female,23,J23517
1073,d6d4488fa27e11465974,male,19,J78901
1074,6efd353d32bd3d908b23,female,19,J57489
1075,4ca5c8ea55be09213d14,male,21,J40192
1076,ec86426a6e0331d06091,female,18,J57489
1077,09400a9b50b6c96c5510,female,19,J78901
1078,f5jwwahac3fyc6rq5tex,male,24,J78901
1079,mwmft9w9vjod1g7jidmb,female,24,J40192
1080,zprxec1qxs8nqsmc5830,male,18,J40192
1081,cygc6ulxpz04ex7under,female,24,J87654
1082,m4qqnaq8p8fn7b7bl5ic,female,23,J87654
1083,sx57v4y3hp52f9selxdo,male,19,J57489
1084,ksm67082xy9g2wnalt38,female,23,J87654
1085,58widcj6smafuwyqxw2m,female,18,J40192
1086,n3dkt0eq0ekpby9lv06i,female,24,J87654
1087,v4k20n9xryqdpe6fx42x,male,24,J57489
1088,35wcdp4s13xmtyq5f7os,male,19,J23517
1089,2ddkknvpbz2j9wlvybtj,male,20,J78901
1090,10qi28ikwz4c4v22b06i,male,20,J78901
1091,9b0guld0vdm0ggmmfb8k,male,18,J78901
1092,1t6e0wa99fijxi3ssnzk,female,24,J23517
1093,q1movls9kc4kglv6sb5g,female,22,J40192
1094,628bztd9ybuth5efk7nw,female,22,J78901
1095,vbgs2hp7aiiw880dpm1s,female,19,J87654
1096,n2bgnbybijni2e9crs4x,male,21,J57489
1097,scl0uh5ig9ehluvs46h2,female,22,J40192
1098,uzk23hynw87co5ru0tr8,female,22,J87654
1099,8wkyo305dh8esq6eop37,male,23,J40192
1100,mm5p2ct8c21h4q753p3n,male,23,J40192
1101,e58gk2f3crnwqnx0gett,female,19,J57489
1102,2xsbkm76x36qvddrl2yo,female,20,J23517
1103,sbb3va36jvpkdpj257ek,male,19,J78901
1104,uon3zzl9a1zr5zmeodmr,female,20,J57489
1105,erjfooit15024g7nj8co,female,20,J23517
1106,pgrig4vo54owe59j2j5f,male,19,J40192
1107,i8ryguu9cpkrb6ouhwqq,female,18,J23517
1108,j07d6onchxesk14v7b8w,female,21,J57489
1109,wfsgbko6rfmajn85khu4,male,21,J78901
1110,0m8o7nuv982vnv3328qw,female,20,J87654
1111,amzij11bls4wa79p3cj8,female,24,J40192
1112,axunv0aihh5wvi27tx50,female,24,J87654
1113,6837091518a3524730fb,female,19,J23517
1114,b050239b47c66a7280c9,female,21,J40192
1115,bc7286901f708e9069eb,female,21,J57489
1116,e877c03b218bddedd3b8,male,23,J40192
1117,8f9ecba976a15fa5d900,male,24,J23517
1118,6cbcdec2dffbcf09a91a,female,24,J23517
1119,fdd714a996ac8bd8006d,female,21,J87654
1120,fc5a9edc3413ecece4bd,male,20,J78901
1121,7bfbef4127aeec4b344e,male,19,J23517
1122,b93d9fe2a844b416581d,male,21,J87654
1123,df784e67883e018f88b8,male,23,J57489
1124,9c2b85496091fd7f66d4,male,23,J23517
1125,2842c82981077b78b3cd,male,24,J57489
1126,6ab4994b59925a6d1bba,female,21,J23517
1127,fc1c9dd58091c33d8888,male,18,J78901
1128,01a691413dc5897db83f,male,18,J57489
1129,374ff25490a1f0aba47f,male,20,J23517
1130,424de2c5e2c1f5652cdc,female,18,J40192
1131,5479f88afb95288d6392,male,23,J87654
1132,ed94d52e091b68ca5ee5,male,24,J78901
1133,db54f15d48fa56b0d953,male,20,J87654
1134,6a62f52203bda35656be,female,21,J40192
1135,0b02f701b1179f9f74f9,male,22,J87654
1136,74e22a3421e605061ef1,male,18,J40192
1137,de5213e7b8c88440a298,male,19,J57489
1138,94a770d27cae58950a5b,male,20,J57489
1139,5faa3d19e595ab735fda,male,20,J40192
1140,cad61c88146ec4d99a6d,female,18,J23517
1141,1d50eac067378042684b,male,21,J23517
1142,c8d8f83d06b68fc2f944,male,21,J57489
1143,72fbfd24cdff0454a0e2,male,23,J23517
1144,768c216e172762b85899,female,19,J87654
1145,306627b1ecbdf4e3aa34,male,23,J78901
1146,0ef8b2c9e039eaace596,male,21,J23517
1147,6b0cc09c9daf2966d1a7,female,23,J78901
1148,b6b2f975de58052aae0c,female,22,J78901
1149,071685b292483b04e836,female,19,J23517
1150,2ea821273e01ec758583,female,22,J40192
1151,552365f82674884bcaaa,female,23,J40192
1152,cdbfb55b48cefce540dd,female,23,J57489
1153,a867295d48d4b4134903,male,20,J87654
1154,a9e1aff282e8d6356dce,male,21,J40192
1155,0b16d35f1f39a063708a,female,22,J78901
1156,a0973be15e5e7116f121,female,20,J87654
1157,49a91a4dce6838ffcbcd,male,19,J87654
1158,b5863cc5a1b448ca1cab,male,21,J57489
1159,c7bb8ace7e79b91b3346,female,23,J57489
1160,498121d2486259ef1b3a,male,24,J57489
1161,3094825929f936abb792,male,22,J40192
1162,897f6d3de550ebf68384,male,22,J40192
1163,418f4730434eaced55a2,female,22,J78901
1164,b7ef250772618a089b48,female,21,J57489
1165,b37bdce835e610d26c0c,male,21,J78901
1166,fef67841144f4c95a6c5,female,20,J57489
1167,700915d303cc358e662a,male,24,J87654
1168,ffe3886e3e3bab0249b5,male,18,J78901
1169,emnk7ob7xxxdiph6fun3,female,22,J87654
1170,78uyv6k6u49krocgtkzu,male,20,J87654
1171,sie4alrjjjvlk0w9ye5l,female,18,J40192
1172,95i3ttsko6c6ol53ebql,male,19,J78901
1173,cz0pbk8vede7ey2oce4a,female,20,J78901
1174,xvfa4ysm4deeobu8wkym,female,24,J57489
1175,5slhcx7pnjhcmlbfffu6,female,20,J78901
1176,5qfsd40k8fv54hc102p2,female,21,J78901
1177,spyu1at0d9k1wxtenlhe,male,20,J78901
1178,z23fh1v40p3hmxxspbo9,male,22,J78901
1179,n20d6b4o2g64oaa3q8ym,female,20,J78901
1180,yj708ceb2o5gueez45or,female,23,J57489
1181,90z3slav21r61p88ksba,male,23,J23517
1182,r28s9kyo7knrvytyvmt8,male,20,J87654
1183,apxifjd35xfq6t47ysls,female,20,J23517
1184,r4oklg89q3yx9o2dfq3q,male,24,J40192
1185,4i0t5tq7o78lvc1zglgr,male,19,J78901
1186,hz3im1vs42bx5rxbn7wh,male,21,J87654
1187,icu31mfcha34dnwbsui2,female,21,J78901
1188,1vb2vsoy23nr0monflhx,female,21,J40192
1189,7iulsxm22wz4v82hgb2g,male,22,J23517
1190,omzalmrzys0ymf4cgt03,male,19,J57489
1191,nilkp0a54b01p87udccl,female,22,J78901
1192,7ssihtyt72rzukfci0o1,male,19,J23517
1193,ij9llitbhr4gi126l772,female,22,J57489
1194,qxnna0of95m3oebjc84f,male,19,J78901
1195,dt7s87imgsbma3l5scym,male,24,J23517
1196,0m2kzubx9r60wyrsjj7j,male,24,J78901
1197,wzfry2domlqnblox9w1b,male,19,J40192
1198,otznu9tyqq50x0xij3br,male,19,J87654
1199,wty9xgte39cr5rp39e50,male,18,J23517
1200,5kqtdcvyt7rgqdoextw8,female,21,J57489
1201,t5uf4x6hffga8in2ua6l,female,21,J23517
1202,5dmn9cwdf4l1snqfjw1p,male,24,J57489
1203,t8zrwu8iwkcdnwf3ruse,male,21,J78901
1204,2b935bfe06ef02369807,female,18,J23517
1205,71d0a8156e59c4dcedfd,male,19,J78901
1206,6106e5232ac32bc22d1d,female,18,J87654
1207,eb4493aa138e8edc3f6d,male,20,J57489
1208,5d2379fb72082166dee3,male,19,J40192
1209,2e40c1b07d32d3b80862,female,24,J57489
1210,57f84519c468df122d69,male,22,J78901
1211,64d65eddd629b80922f1,male,21,J57489
1212,d311ac015e2e230935b2,male,24,J78901
1213,33b73273ab8e1a11fcda,female,23,J57489
1214,a1ed24a77c97b05064ef,male,23,J40192
1215,f286ac7cd0663855cc5f,female,21,J23517
1216,a3cd849a5a8d682e18db,female,18,J78901
1217,e77eaaa90a75ea6167f4,male,24,J40192
1218,faa31dca7ed1dd11fe44,male,21,J23517
1219,00df647ee4bf7173642f,male,23,J57489
1220,e0be3445997310f4d68e,male,18,J23517
1221,cf73246d819a1ea78e14,female,20,J57489
1222,b3e8039d33099e1d066c,male,24,J78901
1223,b32b82ebae5971dd48df,male,20,J78901
1224,9c39551b2cbe4f0c6d03,male,22,J57489
1225,1ca19e51244cdd3f09ff,female,24,J87654
1226,0eb6eec8b4bee8ab6a44,male,18,J87654
1227,dc93d7d840a88e5efb17,female,20,J40192
1228,c7d5a3256a9f99ba3e98,female,19,J40192
1229,2b54ed4af8281eb82f58,female,21,J57489
1230,c16e14d7aa5b4ef519e3,male,19,J87654
1231,c53129098375fc7f17bc,male,20,J87654
1232,953123cfe1c275e6d8a9,female,22,J40192
1233,7b1d65c8c7637c14d9f2,male,18,J57489
1234,855b21869c4fdbed8047,female,24,J40192
1235,f63cab44b941c6ca80d6,female,22,J23517
1236,4e4bb1f26e34ca0a13dc,male,23,J23517
1237,7f58862bfed16feedfd6,female,19,J40192
1238,a2b5174e55754addcd68,female,20,J57489
1239,056ab41140f68c15db14,male,20,J57489
1240,9369995cb6743cb69182,female,21,J87654
1241,e5b30ace9334d153e076,male,24,J87654
1242,367c27a001837dabb2e9,female,19,J57489
1243,a3c8ab369e2e928ed523,male,19,J78901
1244,06309f4c8785254f4c13,female,24,J78901
1245,47b08a7751ab609be9e5,male,19,J23517
1246,17f2d0e73044110cdea5,female,18,J87654
1247,c200d8d792314a9d3575,male,19,J23517
1248,84f116e542feb4ff69c0,female,18,J40192
1249,mbbw64iibpv7ndj2iie1,male,24,J23517
1250,hpty3h6eij2tr467ueks,female,23,J23517
1251,ygc6nfsry40yon3nicac,female,22,J87654
1252,th28zykgzvfex40v22hz,male,24,J57489
1253,3dglsy7ee3ytfq1lpwlv,female,20,J87654
1254,219jkfkejubvu4dvuv13,male,23,J57489
1255,rgl39qjfatpnh3v4o28m,male,23,J40192
1256,iqhpwbqkqi7kugzduhit,female,19,J57489
1257,12s3yomv0kltozc1qxc4,female,22,J40192
1258,qaubz3kt65qtoit8g4vi,male,23,J57489
1259,0qamadarf6xhm9pm2jta,male,24,J40192
1260,1eekhswi2ckx4uw0j1c9,male,22,J40192
1261,80xvovy2zizaj5kr0va5,female,23,J78901
1262,hva2hcwvh4mv0i4t59t6,female,20,J78901
1263,x9xz7kb08kmf1tytnc1f,female,24,J87654
1264,tezxtgugzffgu5fxr0cz,male,19,J57489
1265,lvp2qmljigke8u0nfbvl,female,20,J23517
1266,8bj43lrpbsn3smxxn3xn,female,22,J87654
1267,19buea1jycypffshcw38,female,20,J57489
1268,vcw0s2e0akak8rqunatk,male,20,J57489
1269,dri4ey8he2jovloucu86,male,21,J40192
1270,687ndz7mxhpv3gg91ie2,male,22,J78901
1271,wmep7eexur6wwrlrz9sv,male,20,J78901
1272,2ui63dibc4r8oo0p9agh,male,22,J87654
1273,rufanlg0slv70u876a05,male,18,J40192
1274,o6tn58jvkqobrz2qmf5i,male,22,J23517
1275,iwjs5oi2pl8omkdrs53q,male,20,J23517
1276,qrrck1nnty89cmohw40b,male,21,J78901
1277,6569uz69or21mbcejw25,female,22,J57489
1278,jjx780kahllbp5y3x7p8,male,21,J23517
1279,h7i4kmpsra4szfbhrcbh,female,22,J57489
1280,0z4mockl76xn8mhdaehw,male,18,J87654
1281,bfl1bc2oafd8hrz2xswq,male,19,J87654
1282,7eeq2weegodhsqj7bxc2,female,23,J87654
1283,0i1e50rz4mkhee97xvpo,female,21,J40192
1284,ac896071204b0ce26a1e,male,19,J57489
1285,75a72c46b8271a57fba6,female,23,J87654
1286,fda1eaffdfa7350e5d97,female,24,J78901
1287,0e804947f4cdc2721046,female,23,J87654
1288,f7c4a29d42220e1cea27,male,18,J87654
1289,539911ee11c1b2aaeb88,female,18,J78901
1290,94752e120f6bb6178ad5,female,23,J78901
1291,13f8b8305f6c25c21921,male,18,J57489
1292,0c81ca27b7d931b6ff6e,female,21,J40192
1293,e2ee4818284ba527ef0a,male,18,J40192
1294,76a2f2705490042bb8cb,male,22,J87654
1295,87aa4503451b6a77b2b7,female,23,J40192
1296,1552f58e2818ce7fa863,female,20,J57489
1297,211ed39c57c6e6cdefbf,female,24,J78901
1298,28bc8af257c48eac3bf1,female,21,J87654
1299,2f3ef424b925a9881b81,male,21,J40192
1300,8fe25991951e1f37568b,female,21,J57489
1301,a959b7dd7f65365313a4,male,23,J78901
1302,67456512891f96cc0fc3,female,23,J57489
1303,83bf9b0424c17c9e13e7,female,22,J40192
1304,01558eef77a8d39b7103,female,18,J57489
1305,359f25d9131a0699405b,female,18,J78901
1306,1d7229e0f5f825007870,female,24,J40192
1307,b9d88af0a70c4ccb592e,female,22,J87654
1308,d4d7a248a58363732f8e,male,21,J40192
1309,5e29473eb1e80fde79a0,female,19,J40192
1310,0b307ee95b41e222f204,female,20,J78901
1311,1974349ec27d7d67bf08,female,23,J23517
1312,35e028ec34bfdb7a6d26,female,18,J87654
1313,d3fd2319c0f3aa00c371,female,19,J40192
1314,5bdad002590327215ae0,male,20,J78901
1315,919b6f74756bdb77edab,female,24,J78901
1316,8596e232b0d863cd3130,male,22,J87654
1317,17656005bd4086137ab7,female,24,J87654
1318,d76c58732e315933a6cf,male,22,J40192
1319,7c27b1482db039a6eee9,female,22,J57489
1320,75e30b71e38030454877,female,19,J57489
1321,eacb3353d7bc80cf3e7a,male,23,J40192
1322,41126caf1874c098d357,male,23,J78901
1323,69ae85efb03510241445,male,20,J57489
1324,c5c5601b771f1b4491fa,male,24,J78901
1325,c4ffbc0ba8c38e725fc8,female,24,J87654
1326,55a47a152d359522e38d,male,19,J87654
1327,7ffc1d4e5026fc5195ea,male,18,J57489
1328,a05da04117e032cb4977,female,23,J40192
1329,9be4ba08415daa1ee6fe,female,24,J87654
1330,o6kw9thwvq6csdr9taal,male,24,J40192
1331,owzdfs89mm4ci0382a3b,female,24,J40192
1332,7n0vh1m7hm3g0v8ggv7v,male,20,J40192
1333,32n93dfesjggabieb85t,male,18,J40192
1334,k6jujv82n727fuwbxa6f,female,24,J87654
1335,di7sclw5samggg4sxipv,female,21,J87654
1336,m380dsj058viwn3ly6j1,male,21,J87654
1337,tndsnutlm99ld8f4uya0,female,19,J78901
1338,twa56vh9h75mwaqdma1y,female,24,J57489
1339,l1rn095adguamaugi4ux,female,19,J78901
1340,qkc2f9omqulfmn3j0m9p,male,18,J57489
1341,k7fa3kdg6dq9avbiqv1f,female,18,J57489
1342,wi36b9plgjc82atx6z7h,male,20,J87654
1343,aai4o855shne2taonl8m,female,21,J23517
1344,pxnnkthuxasggux3hyae,female,19,J78901
1345,nq4jln5s1zqjk7nwbbeo,male,18,J78901
1346,p8bk6cdfntr0humt6q45,female,23,J78901
1347,4nun1ah7qw10q705a2aq,male,22,J87654
1348,9npnusbksscam12fc4ut,male,21,J78901
1349,hu267zw9zywa4ew3d5bw,male,20,J87654
1350,zhx5rxgopln1p5hd10ql,female,18,J40192
1351,pammg9gw4enjosw3z60e,female,24,J78901
1352,r9m46ndmmmzeeehft96z,female,22,J40192
1353,i39gdpglcxstun30b4yw,male,22,J78901
1354,whzjoeh34i7o86p37u99,female,21,J40192
1355,3lbe8ny12qw7qwcyihpn,male,19,J78901
1356,exaiz0y0uvpeg498cg4j,female,21,J78901
1357,d9qmlhyp13mf5nto4qih,female,24,J87654
1358,b6nwoi7doh1m1yzbkxup,male,20,J40192
1359,d4xny47ows87zd7viwj5,male,23,J87654
1360,zoo8a9uj8a0dplifqzdp,female,19,J87654
1361,k6kv9y9tqfll5d282ymb,female,18,J23517
1362,xf5q0ixkpbxl3w7k16qo,female,22,J57489
1363,slmfpw1fyabrtys8ufg9,female,20,J87654
1364,9dbg3fyz4qnj7x9qug6x,female,18,J87654
