student_ID,total_study_time,active_days,total_submissions,avg_score,avg_daily_study_time,avg_daily_submissions
8b6d1125760bd3939b6e,136.93,4,75,1.4,34.23,18.75
63eef37311aaac915a45,637.0,9,316,0.487,70.78,35.11
5d89810b20079366fcc2,54.97,6,62,1.629,9.16,10.33
47eeab842793b09300c3,275.93,20,152,0.842,13.8,7.6
a8eea517e36b20757b2e,365.52,20,207,0.628,18.28,10.35
e89cdaa3f159a0d3f55e,1645.78,29,633,0.537,56.75,21.83
e324cc9cb52a2b3cb9cb,726.27,18,262,0.466,40.35,14.56
98e10f84d94623f8b39e,719.35,8,256,0.438,89.92,32.0
3c89c7f1db26ae691db8,1114.82,30,386,0.56,37.16,12.87
9ea29e4a747ea4a7c70a,1011.15,27,278,0.766,37.45,10.3
e23ada44d3eac9b465d2,283.37,25,91,1.407,11.33,3.64
b79c2d9d8148403a3720,868.17,22,341,0.977,39.46,15.5
01d8aa21ef476b66c573,689.67,14,182,0.956,49.26,13.0
9417c1b4c24e428984bc,867.9,19,371,0.509,45.68,19.53
3d63ba961a5f3a60616a,288.58,15,107,1.168,19.24,7.13
57709f904b1cc9ec60b1,1016.9,35,200,0.925,29.05,5.71
8979427badebb9e2bd10,523.88,17,130,1.069,30.82,7.65
6e7d56f652020f046204,617.08,26,158,0.962,23.73,6.08
03aa0b20dd4af1888eef,946.8,37,253,0.822,25.59,6.84
1b25734414fcc7466153,1023.3,38,300,0.667,26.93,7.89
8777bd09f180d330b147,578.7,27,221,0.566,21.43,8.19
8b1fbc97391699e46cef,1542.53,34,434,0.578,45.37,12.76
dc83f9577ae72447a7b1,999.37,32,318,0.619,31.23,9.94
be503fccbf0ae5532639,555.63,14,161,0.72,39.69,11.5
cd6355bf939a47577f6d,1585.9,34,604,0.675,46.64,17.76
fb4411db1aac3cd2544b,432.67,18,138,0.899,24.04,7.67
f06c3ddb1a98713eeb32,903.68,18,268,0.608,50.2,14.89
bca2be7a89b9b36b45cc,574.07,30,194,1.521,19.14,6.47
f058870b1bc33e288e82,294.72,11,136,1.169,26.79,12.36
a1fa76b5d99a411d6649,453.03,24,140,1.171,18.88,5.83
79ea7a2f63285f2fe26b,453.05,15,148,1.574,30.2,9.87
54826f4abf592713d585,500.88,20,155,1.29,25.04,7.75
e716574233e87591ff19,893.28,22,265,0.562,40.6,12.05
bab3d23935ae4f8e798c,1481.18,39,490,0.908,37.98,12.56
d2403aa287eb869a170a,1152.13,20,437,0.352,57.61,21.85
ce1a32f22b91f4d81015,618.12,21,210,0.724,29.43,10.0
d0a933a514028d777578,405.73,17,126,1.643,23.87,7.41
81c4c46f19cb21d54bbb,408.0,22,109,1.128,18.55,4.95
876aca2b8ce1958ea773,1635.9,35,515,0.468,46.74,14.71
c57c5ca2df494f27ca64,306.42,24,141,1.277,12.77,5.88
64d1d58d40bca568347c,404.95,15,133,1.128,27.0,8.87
75c2677c8d156032e303,1530.52,31,465,0.473,49.37,15.0
b345ecad87a7fbac77ce,942.9,31,382,1.207,30.42,12.32
360820d6620d17d1b48b,658.6,37,294,1.054,17.8,7.95
7086b49d3d6c2cf79c1a,403.65,20,121,1.116,20.18,6.05
cac3f85073c947532796,1143.3,26,313,1.016,43.97,12.04
e37bbe9fe37f92b785d9,634.92,26,235,1.204,24.42,9.04
0a8736f6520cea837d94,632.25,20,312,0.516,31.61,15.6
37ae91c472189108a737,247.03,12,96,1.24,20.59,8.0
488934d01a504bc212b4,490.2,21,133,1.03,23.34,6.33
545eb6c8154273344669,671.75,26,197,0.792,25.84,7.58
22ae866c664a147f9971,507.28,15,93,1.484,33.82,6.2
86215294b080f19af22f,895.27,19,233,0.682,47.12,12.26
1e25b47eaef62694a236,243.35,5,131,1.137,48.67,26.2
580e98185da72b5f34cd,947.8,22,359,0.841,43.08,16.32
99d6b8a1cc0020112951,623.8,19,162,1.037,32.83,8.53
ff59855075a6bc39d62b,111.72,9,76,1.382,12.41,8.44
8d422b817027d7721870,358.77,22,95,1.568,16.31,4.32
18cdd44af62c6935e7a0,924.77,20,256,1.094,46.24,12.8
c00c91256ab1777d0dbc,803.7,15,266,0.583,53.58,17.73
10de703c06bf9d873d68,338.93,16,193,0.876,21.18,12.06
t3wo8xb4rq94n3fpfk35,297.52,64,143,0.846,4.65,2.23
8cvzwcc62ql4rqj0pyzl,123.43,62,142,0.908,1.99,2.29
79cvflltnemb9zpg6pgl,187.87,66,144,0.785,2.85,2.18
i21qi5qdsjqcch2xvdd5,305.75,64,152,0.789,4.78,2.38
qw1seyo5nrhlm8vby58w,264.95,65,150,0.773,4.08,2.31
exj3a7hd6gwihbowgm3w,230.7,68,145,0.724,3.39,2.13
qz6jjynwbd3szlp0rj04,256.25,66,137,0.766,3.88,2.08
0maggb1hf886m5u6p2vr,227.43,72,157,0.79,3.16,2.18
cuwakm24vlp785ky5w71,309.62,64,167,0.814,4.84,2.61
uvh2zil455wi0dcdan51,281.78,65,156,0.821,4.34,2.4
wwh529n48kyjq1xe9h46,94.92,60,116,0.974,1.58,1.93
o5lo8q4tb8yt0v8imkw4,246.97,63,145,0.869,3.92,2.3
pr6b1twg5sgsrzek6adi,171.97,64,158,0.703,2.69,2.47
zeuj2ypen39p38d4m3oj,365.08,59,153,0.562,6.19,2.59
6o68qswzkvrrtbiz6bzr,257.48,73,172,0.785,3.53,2.36
1mp9yiw6rkrr3846047g,277.63,59,133,0.842,4.71,2.25
lzvutqpj9ggc0nwwsxcv,188.67,60,143,0.832,3.14,2.38
isa355t9q5rut5fm8aml,298.92,68,143,0.888,4.4,2.1
5gs9643ghg39gpkgi3e5,132.82,57,135,0.83,2.33,2.37
ao2x473zwn7k7a6gpfr9,111.78,69,141,0.801,1.62,2.04
jwdjcrxdn0um79f0rjvw,169.58,64,138,0.884,2.65,2.16
oppl3ojvw61dvd5yw1wl,245.7,72,176,0.835,3.41,2.44
s0vfgmhobw9jq6al8iww,170.4,58,136,0.831,2.94,2.34
styld7k1gge5cvjria5b,208.73,58,127,0.906,3.6,2.19
fvurnsqlgyr9zbd6msqs,219.57,64,129,0.775,3.43,2.02
47vclaej1xmb0rc8kgka,242.8,67,149,0.752,3.62,2.22
cnkddx6ofjqd7ueylz0e,343.63,65,153,0.85,5.29,2.35
zlaig56ve06t7jruk2mr,256.2,65,142,0.972,3.94,2.18
ifj584ryrjv639n4nnsu,231.3,63,146,0.849,3.67,2.32
xh8a7nmtz192pknhec33,66.37,57,105,0.762,1.16,1.84
vhlntoniujqiclub2juy,137.63,64,131,0.901,2.15,2.05
9wax6sfj9cuqbbxc95om,147.78,73,135,0.837,2.02,1.85
oit2xadfbpuveswzx4pf,199.02,63,133,0.737,3.16,2.11
91ybnlkli8x332l13rrk,210.33,61,136,0.699,3.45,2.23
k4usquerebza4uy0i57h,174.22,69,132,0.697,2.52,1.91
119b36a5797d5ce69625,584.48,27,177,0.949,21.65,6.56
ee07cc24589beb775d33,490.88,18,208,1.01,27.27,11.56
44c7cf3881ae07f7fb3e,452.98,10,170,0.853,45.3,17.0
c681117f7f586fd730bb,453.1,17,185,1.022,26.65,10.88
1cfe33c5b178a0c2367f,295.3,11,119,1.134,26.85,10.82
6496d6268092ef8e7e9d,901.88,22,211,0.744,40.99,9.59
00cbf05221bb479e66c3,731.6,20,240,0.596,36.58,12.0
5963ba5cd9d242a00e22,614.03,19,158,0.709,32.32,8.32
9a630f9e9f4ec26d8fcd,511.33,17,128,1.086,30.08,7.53
21e23771e52cb5291b19,860.17,35,417,0.456,24.58,11.91
9c48779f6e97be993771,514.93,19,199,0.955,27.1,10.47
9795edf22e930bc30fa4,1320.22,19,377,0.737,69.49,19.84
bf07cdd92f1ff3197397,703.67,36,263,0.567,19.55,7.31
7742559d8e833fbcd326,730.68,10,238,0.782,73.07,23.8
8a45d6748ec853f7694c,783.07,14,188,0.777,55.93,13.43
d3e269bf68d51851097c,740.2,22,285,0.67,33.65,12.95
8f1ddd99ac8c59bbd788,607.97,14,132,1.485,43.43,9.43
03b463f52c0fff35433b,247.88,13,72,1.653,19.07,5.54
b7f42d4b51972267680e,730.85,14,250,1.108,52.2,17.86
a1d00fdd7660b7e88077,658.12,14,132,1.273,47.01,9.43
ac7214620207dfdd149d,81.42,6,86,1.291,13.57,14.33
117ee98c7f916c88ddbb,795.6,18,216,0.829,44.2,12.0
91439fcb2590c49dd20d,344.7,11,104,1.154,31.34,9.45
53d51965c40a54cff1a0,458.82,14,118,1.475,32.77,8.43
efd58fbebca61c41c881,50.75,3,38,2.605,16.92,12.67
be75e05b9db5efb1258a,430.48,11,99,1.586,39.13,9.0
a337d5368b0d110803b1,334.92,15,82,1.366,22.33,5.47
204a7d6db340a3c18ca7,219.37,11,53,2.094,19.94,4.82
97442da123c449f6a146,668.25,15,140,0.993,44.55,9.33
cac84b1c3033872272f0,685.9,21,153,1.078,32.66,7.29
882ccee198e25b49b30d,1526.0,21,837,0.452,72.67,39.86
8068144149e4ba65ef38,917.08,20,283,0.569,45.85,14.15
d035c324a020e7948fe8,639.13,23,179,0.989,27.79,7.78
e43a0e28d5cd6b54a2af,190.28,12,90,1.278,15.86,7.5
3565d61f3efec69e611c,383.27,12,81,1.395,31.94,6.75
e7feb8599ea5f596aeac,389.42,29,125,1.36,13.43,4.31
8ca890875272aede0af5,494.7,19,127,1.386,26.04,6.68
2150588a5903d9a77b79,863.85,20,197,0.934,43.19,9.85
e2d7ee3637149f7087b2,342.1,18,227,0.52,19.01,12.61
bd8eb49a6b08f5e66a70,373.13,5,117,1.538,74.63,23.4
915813ad1b5f1bbe2d6e,353.87,8,82,1.768,44.23,10.25
38357be0ab369a9ae942,484.7,20,134,1.149,24.24,6.7
798ff22d126a0f8034ff,575.55,13,108,1.343,44.27,8.31
4cb96f0d9108066442a8,297.05,9,110,1.118,33.01,12.22
cfaac49f7cc94528ffa7,284.53,16,97,1.619,17.78,6.06
89af2669cc93dc97f545,452.63,9,190,0.642,50.29,21.11
41abb1b9df74d29b7732,132.87,7,95,1.189,18.98,13.57
a5c03c57b0930cb5c2ac,151.57,6,62,1.613,25.26,10.33
ef133c92e274a97b6eeb,220.52,7,69,1.812,31.5,9.86
fnvhgnuqbir0drk8p1v2,338.8,56,124,1.032,6.05,2.21
zse4s5wowlo5xntqyqb4,403.42,61,159,1.157,6.61,2.61
wyhkcaf32y8h3707qzrz,188.17,64,140,0.907,2.94,2.19
2egpenarap9h0a2k0bc5,289.48,57,142,0.873,5.08,2.49
cfi8t4xrx12m2lt4flwz,373.58,57,153,0.732,6.55,2.68
t8sflynjwck4f650mtvp,211.07,64,145,0.89,3.3,2.27
pva49fsfcbexwz1crjvg,259.45,55,132,0.955,4.72,2.4
lswzzwjmreuixxjqglhy,297.88,61,141,0.766,4.88,2.31
votyzmo33yg7y89dag17,237.55,53,136,0.728,4.48,2.57
cy2sv8kkoybje2okbll0,263.88,59,143,1.014,4.47,2.42
jsmqh4aa20rpfeqmyx4h,398.85,51,133,0.932,7.82,2.61
ss27ig83t1pi1ztsy5w8,289.8,65,145,0.91,4.46,2.23
7rzwry01x1n79a7rw5va,265.57,62,144,0.833,4.28,2.32
yvyud23n1eara086vntf,327.02,59,142,0.852,5.54,2.41
9btb3ax7qaitktvbvn8g,422.47,54,145,0.841,7.82,2.69
vrx3ianblcyuixzmhzl2,507.67,60,155,0.742,8.46,2.58
qmf8702zbahi9083s7aq,418.88,56,141,1.028,7.48,2.52
13nq2h723zixyhir01lf,398.77,64,167,0.916,6.23,2.61
ta1gbqs6pw15bx0jb5on,245.07,56,139,0.82,4.38,2.48
jhmn3s11l13woe6jy3zg,290.92,62,170,0.959,4.69,2.74
w0u7vzowm7eimiupvmm3,254.62,66,147,0.918,3.86,2.23
2h9c9tdsnoz1hyzo5frt,257.95,63,153,1.007,4.09,2.43
vou4hlfvp8hv0r4odzq6,339.05,58,138,1.036,5.85,2.38
6g7c63m95z8acd3vx5ct,264.18,54,133,0.82,4.89,2.46
te17utf5x961ldgs8zwn,368.25,54,145,0.883,6.82,2.69
csvv3l0saxxx6pax18c3,279.12,53,122,1.0,5.27,2.3
kg28tppvvsvr918dkvlb,271.23,50,121,0.983,5.42,2.42
28tmrs0kyrrh1odyvf21,492.37,61,159,0.818,8.07,2.61
l82rq4xaymt7t5uytax9,226.15,52,136,0.897,4.35,2.62
jb3fqd2b9oyprn83h646,292.9,60,145,0.848,4.88,2.42
oyaoqkf2b1we4b67bv8l,245.92,57,150,0.84,4.31,2.63
l2yv9tvvcakn7ikerccy,329.05,52,135,0.741,6.33,2.6
xz7x7kwsn26marn29mag,309.22,61,147,0.973,5.07,2.41
qg0soq1i1uy7yndj17gd,181.0,52,125,0.912,3.48,2.4
8ivuhc6n7pr63b39dupt,226.3,64,148,0.98,3.54,2.31
139429592a9c23c08b71,264.73,10,108,1.019,26.47,10.8
b217bae3c84d59dde71f,437.13,21,178,0.73,20.82,8.48
e50db74322430aa289b1,264.05,13,148,1.041,20.31,11.38
4388d48ebff4cf866ecd,282.2,13,92,0.957,21.71,7.08
cef765c4375252a6029b,190.27,5,108,0.722,38.05,21.6
3ac65fbc295f5fbd2ff7,183.62,1,109,0.936,183.62,109.0
e73ae5f649c6f52b3fb1,503.72,32,154,1.325,15.74,4.81
b57bc31cac59b3d26216,1276.63,16,654,0.994,79.79,40.88
132c90d4a027a4477ad0,315.08,9,136,0.779,35.01,15.11
33c123d08dc07edb50f9,277.27,10,67,1.627,27.73,6.7
9f447b50d5788f7b4d0a,483.58,25,117,1.068,19.34,4.68
23f1f5d3d90e2890a423,646.88,19,257,0.887,34.05,13.53
34aaaa47df8c4aa4d926,1077.87,29,241,0.556,37.17,8.31
875704a45c0214c68eae,809.32,17,198,0.965,47.61,11.65
c5c5e10586e94f96fe95,767.12,14,234,0.923,54.79,16.71
2a003b122e9500e465c4,538.65,22,161,0.876,24.48,7.32
533bc4c6716035e694ac,497.28,8,210,0.643,62.16,26.25
a624e4f6e0a8f026cba9,294.73,25,92,1.522,11.79,3.68
7509bbe0d23fe15928ba,296.67,7,139,0.734,42.38,19.86
eb93cedc17b4eac76750,611.63,22,180,0.911,27.8,8.18
1feef8b4129f5bf21e67,389.72,24,122,1.5,16.24,5.08
951d2aca1b8a1c336908,561.08,13,243,0.811,43.16,18.69
49b95110a8c59f6b6c58,970.95,22,344,0.57,44.13,15.64
b8c0c68e7f1220949deb,452.48,17,89,1.483,26.62,5.24
451b0095938a3c54efc4,401.77,11,120,1.117,36.52,10.91
e4c80506c14da4ad563d,435.93,16,159,0.994,27.25,9.94
25019b8f1c3ac537894b,502.07,18,123,1.171,27.89,6.83
4884f3bdc068ef01e042,1028.48,12,361,0.767,85.71,30.08
b43532c7a35b6aedd478,204.05,7,53,2.038,29.15,7.57
f9c641e9c05c243a751e,436.93,9,157,0.822,48.55,17.44
960bf72352d4f58ad083,543.28,15,166,0.735,36.22,11.07
0557b1363a5092b5811f,1032.3,17,500,0.44,60.72,29.41
091554ffa26fc9b17c36,227.83,14,75,1.827,16.27,5.36
d7ad1a5f3ab7d6237f8e,1045.05,27,365,0.619,38.71,13.52
e4d6737b176e6ca5ef06,478.62,16,192,0.734,29.91,12.0
5914db0d4427b322e8af,465.15,13,138,0.486,35.78,10.62
6314d7cbc465e29f357c,296.03,15,128,0.93,19.74,8.53
d2cb0d0da17471ee23a9,382.75,10,189,0.556,38.27,18.9
75dcc10ba89fd0c25d50,668.88,20,209,1.005,33.44,10.45
98be3476791a8df7e937,580.62,17,275,0.782,34.15,16.18
29172d2e39ca0d890848,310.48,22,97,1.732,14.11,4.41
b083663157e08e36d335,302.57,15,66,1.652,20.17,4.4
48ad93c227abfa9542aa,392.97,7,198,0.919,56.14,28.29
3ab864e1e692786fefd2,243.38,14,132,0.826,17.38,9.43
3b6f3bb370f3107e257d,214.77,6,51,1.961,35.79,8.5
a12c27630a75f6a4a64a,537.35,5,215,0.814,107.47,43.0
hq2dy5tjgczdmkvq0l2d,234.8,6,50,2.16,39.13,8.33
4a0890c15c26984c191f,617.85,21,212,0.797,29.42,10.1
a0b36e07079573966740,168.03,2,51,2.157,84.02,25.5
852687af72e9ee38fb42,329.72,5,54,2.093,65.94,10.8
9723ceb0cf2dca42c118,610.53,13,202,0.594,46.96,15.54
bd657014cfd3fe7a8fe2,397.65,12,95,1.832,33.14,7.92
2xk6toebmkxdw8f2bypd,135.43,6,72,1.667,22.57,12.0
02068067a434adb6556a,0.82,1,4,0.0,0.82,4.0
3531c5f9d520759ba697,521.3,16,244,1.016,32.58,15.25
037a76bc8e6bf5fe1fc0,319.1,2,41,2.439,159.55,20.5
c08165d73ae49215c391,292.58,21,173,1.185,13.93,8.24
84146496b8d6256d6982,102.8,7,52,1.981,14.69,7.43
5be7405ad4ae9d9a2853,374.42,9,177,0.932,41.6,19.67
avehb7ibwpvjcgcr474k,267.77,10,76,1.697,26.78,7.6
sfmngecoi3b7ahvhi2k6,357.97,6,89,1.36,59.66,14.83
1f4oscu6io8xlog2157e,174.3,64,135,0.97,2.72,2.11
gj009a2t56bxjluh0mox,272.37,80,171,0.947,3.4,2.14
ov1tvylbnny48ojayssl,318.0,70,142,0.993,4.54,2.03
qw19zri3d9vkqjhcn3xk,207.92,60,112,0.964,3.47,1.87
yesnbayr80dvsb8ajp9v,310.67,75,160,0.988,4.14,2.13
msko5bf6rjt9adsuxby9,252.53,76,155,0.845,3.32,2.04
8hn55e1bxuyegxa76l3r,126.33,67,137,0.964,1.89,2.04
t23e5lcdy5k50uvg5k0v,178.15,63,131,1.053,2.83,2.08
gsirdbny6840zq22vo7a,296.07,73,162,0.969,4.06,2.22
rb8z9vpc5uyhbcaa71v5,333.33,71,160,0.919,4.69,2.25
fcwom6dicy0kov3lxsf8,211.3,71,149,1.06,2.98,2.1
1nyzl7s790ta4c8r1l9g,219.9,64,142,0.979,3.44,2.22
rdf3wmujcm1k56ftf8uc,306.78,69,146,0.822,4.45,2.12
40rkj6cwy12hdupgq4w2,295.12,67,139,1.101,4.4,2.07
obyl72l5qy37to65i5ml,410.53,70,160,0.888,5.86,2.29
sx8c4g672zgcw7w2lflp,211.08,79,160,0.912,2.67,2.03
wj1gt5zvzfnjf7xcf1c8,292.2,71,134,0.903,4.12,1.89
p9a57kwg5xdwjzm8eql9,223.08,68,139,0.971,3.28,2.04
w9r5wihhl33fmutbq5qd,196.67,77,152,0.908,2.55,1.97
z0mde15metn3m79ek96y,163.28,63,135,0.941,2.59,2.14
udbo68xozj9btqumivk2,250.97,67,133,0.955,3.75,1.99
qu1rl2d6teeyti106rgx,237.93,60,134,0.836,3.97,2.23
i8wbhc071gfhkbhtmeb1,141.15,63,125,0.984,2.24,1.98
8l0qqik09gqh0e5anus0,240.05,65,138,0.978,3.69,2.12
7kqvekz6iho08947fhk9,241.1,62,131,1.031,3.89,2.11
148o63s7q5aitfxmmtrg,378.75,71,173,1.121,5.33,2.44
gk8izwg77g6t4p5buiar,280.55,64,135,0.852,4.38,2.11
70exfe4k4e5vvm5sqspq,301.97,77,141,1.0,3.92,1.83
e43g7im7dra88a4o8bbl,327.7,62,145,0.862,5.29,2.34
lqg2nmqf4x8w52gx12xw,167.33,68,131,0.878,2.46,1.93
lpzjucfyqwtb8ihim9b3,159.03,63,149,0.96,2.52,2.37
woxwsoo99kl7vq4mk0rr,179.5,67,135,0.852,2.68,2.01
gq3jw96afgct5rjiim20,156.08,71,143,0.979,2.2,2.01
hc0idvz0lxc4zpx94cbx,221.23,60,131,0.924,3.69,2.18
43vri1lqbgiiwbkaskqd,263.38,66,135,0.985,3.99,2.05
43d98a750c726bb39d11,486.82,18,137,1.358,27.05,7.61
5d16326e4577a67d94c6,527.32,20,149,0.906,26.37,7.45
e00bc7d9f2ce32c4f745,482.07,30,200,1.275,16.07,6.67
21fc5674d24be8e9da89,76.18,5,51,2.02,15.24,10.2
a7fc1ba478db11fde063,237.75,18,80,1.325,13.21,4.44
63ff3dff3eb31d62ab3e,599.03,13,225,0.6,46.08,17.31
4edfd2e1b7c5c5d1d384,274.43,16,77,1.273,17.15,4.81
cbc8550ffaf44443c7ad,355.45,11,171,0.725,32.31,15.55
766836b5f30556e81da4,260.05,10,100,1.06,26.0,10.0
df02e3643bb9ee33fb0c,409.0,17,124,1.371,24.06,7.29
f5c3c6eb77fac482de13,338.15,19,85,1.341,17.8,4.47
5f8d87412f69e3d9fb13,291.87,12,68,1.765,24.32,5.67
6923e581d76689cb57a1,437.48,21,153,0.824,20.83,7.29
e865c97bc96802575f80,921.57,26,427,0.585,35.44,16.42
fb5d5693ffa9f022a191,441.12,17,92,1.359,25.95,5.41
1bd9bb053a3ac1bba507,180.12,9,85,1.859,20.01,9.44
49ef48443e09f8be12f6,437.9,12,119,1.336,36.49,9.92
def1216bf8f3009dbe41,565.47,19,159,0.849,29.76,8.37
d02f48d05ce5e7ca16e1,524.55,18,139,1.424,29.14,7.72
6b22922bfe081d68c7a6,1007.02,26,312,0.923,38.73,12.0
baed8a816ea02ae929f4,530.32,23,183,1.213,23.06,7.96
dee7cfe3312551bdf5a5,438.08,16,109,1.404,27.38,6.81
ef912a5602a5f70b244b,398.32,18,86,1.395,22.13,4.78
48a71a6a5a15e31084e3,436.53,16,119,1.092,27.28,7.44
16d68f70cf5e52d0b34a,680.6,26,218,0.78,26.18,8.38
ba8c301bda7090bda756,245.92,17,61,1.967,14.47,3.59
311abc37a94ae8afe41a,594.75,22,152,1.276,27.03,6.91
fdd50b3ad56dcf116c82,572.32,20,100,1.21,28.62,5.0
e22c18eef214a779b4c2,603.48,23,197,1.188,26.24,8.57
8711049a2e0ef13bb10c,316.58,20,69,1.681,15.83,3.45
9ef8a5baccebc3841cb2,297.77,14,75,1.987,21.27,5.36
adcc5c13042d66cbfc8b,526.3,18,208,0.856,29.24,11.56
54f91ccb08cbece520da,557.1,22,154,1.156,25.32,7.0
cb65e2038b786e801292,289.08,13,55,2.291,22.24,4.23
1f67cb2e7affbb00b6c8,852.72,19,360,0.669,44.88,18.95
45b6cc87a7e957f83027,734.22,14,161,1.758,52.44,11.5
ff2d815d9ef74b153b54,358.93,25,106,1.113,14.36,4.24
73ae359d8e93d41ae4ff,366.8,18,98,1.653,20.38,5.44
264320c6b92b92795ba0,745.47,28,223,0.655,26.62,7.96
504278569f7c6dff25e3,284.1,23,78,2.179,12.35,3.39
40eb36011ced9a882ea9,457.28,28,238,1.929,16.33,8.5
ed4b51eb098deb0ba58e,494.72,20,156,1.462,24.74,7.8
b4a2138f577d9306f593,805.12,28,322,1.112,28.75,11.5
76366e9c264169b2bae1,518.45,12,202,0.946,43.2,16.83
d059dfed16a6d1ca6ddf,619.02,32,177,1.153,19.34,5.53
0b828e1ae026c57b34dd,376.17,21,88,1.625,17.91,4.19
b1976734aee3bf129820,611.12,15,220,1.318,40.74,14.67
50673b01fd2b0c765572,548.42,24,193,0.715,22.85,8.04
b3ac0cebf20ee45135ca,696.28,19,238,0.84,36.65,12.53
74137c4db75be61c10fa,1039.37,34,336,0.714,30.57,9.88
781f69b185122bfaddca,529.83,9,115,1.617,58.87,12.78
744e7141564ed216b812,343.2,17,62,1.968,20.19,3.65
3c1b9222136b752563f6,230.62,8,73,1.575,28.83,9.12
48a96425072cefa0dc69,628.63,16,142,1.113,39.29,8.88
8ee4fdce37fceab5620a,141.77,13,65,1.631,10.91,5.0
d6d4488fa27e11465974,174.82,20,61,1.967,8.74,3.05
6efd353d32bd3d908b23,267.67,11,135,1.289,24.33,12.27
4ca5c8ea55be09213d14,382.57,12,138,0.942,31.88,11.5
ec86426a6e0331d06091,301.23,11,102,1.01,27.38,9.27
09400a9b50b6c96c5510,638.48,19,172,1.192,33.6,9.05
f5jwwahac3fyc6rq5tex,167.63,63,142,1.014,2.66,2.25
mwmft9w9vjod1g7jidmb,245.82,63,143,1.189,3.9,2.27
zprxec1qxs8nqsmc5830,226.88,69,157,1.172,3.29,2.28
cygc6ulxpz04ex7under,190.7,67,139,1.187,2.85,2.07
m4qqnaq8p8fn7b7bl5ic,201.37,70,143,1.014,2.88,2.04
sx57v4y3hp52f9selxdo,272.92,62,144,1.062,4.4,2.32
ksm67082xy9g2wnalt38,244.95,73,153,1.085,3.36,2.1
58widcj6smafuwyqxw2m,288.7,65,147,1.265,4.44,2.26
n3dkt0eq0ekpby9lv06i,250.28,61,131,1.26,4.1,2.15
v4k20n9xryqdpe6fx42x,244.93,66,140,1.229,3.71,2.12
35wcdp4s13xmtyq5f7os,237.28,70,145,1.048,3.39,2.07
2ddkknvpbz2j9wlvybtj,241.65,67,143,1.049,3.61,2.13
10qi28ikwz4c4v22b06i,201.07,65,147,1.095,3.09,2.26
9b0guld0vdm0ggmmfb8k,210.53,69,128,1.141,3.05,1.86
1t6e0wa99fijxi3ssnzk,254.55,66,130,1.323,3.86,1.97
q1movls9kc4kglv6sb5g,146.67,75,148,1.345,1.96,1.97
628bztd9ybuth5efk7nw,305.4,73,170,1.171,4.18,2.33
vbgs2hp7aiiw880dpm1s,163.5,74,144,1.271,2.21,1.95
n2bgnbybijni2e9crs4x,262.65,62,132,1.182,4.24,2.13
scl0uh5ig9ehluvs46h2,256.95,70,146,1.116,3.67,2.09
uzk23hynw87co5ru0tr8,309.13,69,168,1.149,4.48,2.43
8wkyo305dh8esq6eop37,254.13,64,139,1.137,3.97,2.17
mm5p2ct8c21h4q753p3n,295.97,76,151,1.132,3.89,1.99
e58gk2f3crnwqnx0gett,132.23,60,134,1.06,2.2,2.23
2xsbkm76x36qvddrl2yo,181.85,65,138,1.109,2.8,2.12
sbb3va36jvpkdpj257ek,201.12,65,147,1.163,3.09,2.26
uon3zzl9a1zr5zmeodmr,128.08,70,133,1.09,1.83,1.9
erjfooit15024g7nj8co,423.57,60,138,1.087,7.06,2.3
pgrig4vo54owe59j2j5f,275.9,66,144,0.979,4.18,2.18
i8ryguu9cpkrb6ouhwqq,361.57,71,163,1.258,5.09,2.3
j07d6onchxesk14v7b8w,323.8,61,134,0.993,5.31,2.2
wfsgbko6rfmajn85khu4,131.77,56,126,1.056,2.35,2.25
0m8o7nuv982vnv3328qw,232.13,65,128,1.102,3.57,1.97
amzij11bls4wa79p3cj8,295.87,70,152,0.928,4.23,2.17
axunv0aihh5wvi27tx50,148.83,66,133,1.045,2.26,2.02
6837091518a3524730fb,994.08,17,402,1.067,58.48,23.65
b050239b47c66a7280c9,356.25,24,177,0.836,14.84,7.38
bc7286901f708e9069eb,305.9,28,150,0.673,10.93,5.36
e877c03b218bddedd3b8,727.77,14,147,0.755,51.98,10.5
8f9ecba976a15fa5d900,541.32,13,177,0.802,41.64,13.62
6cbcdec2dffbcf09a91a,359.07,7,56,1.946,51.3,8.0
fdd714a996ac8bd8006d,284.05,12,62,2.065,23.67,5.17
fc5a9edc3413ecece4bd,227.92,22,76,1.645,10.36,3.45
7bfbef4127aeec4b344e,671.52,30,278,0.658,22.38,9.27
b93d9fe2a844b416581d,475.65,19,141,1.475,25.03,7.42
df784e67883e018f88b8,396.72,17,79,1.43,23.34,4.65
9c2b85496091fd7f66d4,729.6,28,313,0.744,26.06,11.18
2842c82981077b78b3cd,1301.88,25,460,0.48,52.08,18.4
6ab4994b59925a6d1bba,1393.33,25,491,0.479,55.73,19.64
fc1c9dd58091c33d8888,679.9,19,389,0.573,35.78,20.47
01a691413dc5897db83f,1148.82,18,543,0.468,63.82,30.17
374ff25490a1f0aba47f,504.27,21,201,1.294,24.01,9.57
424de2c5e2c1f5652cdc,634.4,29,203,0.887,21.88,7.0
5479f88afb95288d6392,341.35,23,109,1.44,14.84,4.74
ed94d52e091b68ca5ee5,673.65,14,207,1.391,48.12,14.79
db54f15d48fa56b0d953,516.2,18,127,0.835,28.68,7.06
6a62f52203bda35656be,1048.48,32,365,0.488,32.77,11.41
0b02f701b1179f9f74f9,497.38,17,161,0.807,29.26,9.47
74e22a3421e605061ef1,788.68,29,270,0.685,27.2,9.31
de5213e7b8c88440a298,903.63,19,321,0.679,47.56,16.89
94a770d27cae58950a5b,442.07,20,119,1.429,22.1,5.95
5faa3d19e595ab735fda,704.45,18,188,0.931,39.14,10.44
cad61c88146ec4d99a6d,29.35,1,6,0.167,29.35,6.0
1d50eac067378042684b,874.73,12,246,0.715,72.89,20.5
c8d8f83d06b68fc2f944,495.35,35,172,1.413,14.15,4.91
72fbfd24cdff0454a0e2,458.97,10,165,0.758,45.9,16.5
768c216e172762b85899,687.17,12,204,0.804,57.26,17.0
306627b1ecbdf4e3aa34,616.98,22,160,0.962,28.04,7.27
0ef8b2c9e039eaace596,791.7,26,186,1.172,30.45,7.15
6b0cc09c9daf2966d1a7,922.3,35,318,0.786,26.35,9.09
b6b2f975de58052aae0c,643.35,17,253,0.49,37.84,14.88
071685b292483b04e836,340.95,21,82,1.5,16.24,3.9
2ea821273e01ec758583,534.78,21,184,0.674,25.47,8.76
552365f82674884bcaaa,295.7,12,73,1.575,24.64,6.08
cdbfb55b48cefce540dd,161.95,12,80,1.375,13.5,6.67
a867295d48d4b4134903,948.13,19,284,0.722,49.9,14.95
a9e1aff282e8d6356dce,440.72,12,121,0.835,36.73,10.08
0b16d35f1f39a063708a,824.7,32,400,0.525,25.77,12.5
a0973be15e5e7116f121,468.35,19,121,1.231,24.65,6.37
49a91a4dce6838ffcbcd,680.1,24,194,0.887,28.34,8.08
b5863cc5a1b448ca1cab,457.88,31,173,0.815,14.77,5.58
c7bb8ace7e79b91b3346,404.02,17,153,0.797,23.77,9.0
498121d2486259ef1b3a,686.2,14,234,0.675,49.01,16.71
3094825929f936abb792,489.1,17,204,1.137,28.77,12.0
897f6d3de550ebf68384,332.22,24,146,1.253,13.84,6.08
418f4730434eaced55a2,202.8,15,72,1.653,13.52,4.8
b7ef250772618a089b48,958.1,26,215,0.93,36.85,8.27
b37bdce835e610d26c0c,159.78,13,53,1.377,12.29,4.08
fef67841144f4c95a6c5,273.02,12,77,1.857,22.75,6.42
700915d303cc358e662a,463.07,18,139,1.374,25.73,7.72
ffe3886e3e3bab0249b5,682.58,18,176,1.284,37.92,9.78
emnk7ob7xxxdiph6fun3,177.53,79,152,0.954,2.25,1.92
78uyv6k6u49krocgtkzu,203.05,75,141,0.879,2.71,1.88
sie4alrjjjvlk0w9ye5l,255.57,77,158,0.892,3.32,2.05
95i3ttsko6c6ol53ebql,192.6,63,127,0.843,3.06,2.02
cz0pbk8vede7ey2oce4a,107.02,79,158,0.905,1.35,2.0
xvfa4ysm4deeobu8wkym,203.03,71,153,0.974,2.86,2.15
5slhcx7pnjhcmlbfffu6,197.62,74,142,0.915,2.67,1.92
5qfsd40k8fv54hc102p2,168.57,65,129,1.039,2.59,1.98
spyu1at0d9k1wxtenlhe,117.23,74,144,0.882,1.58,1.95
z23fh1v40p3hmxxspbo9,239.55,67,134,0.903,3.58,2.0
n20d6b4o2g64oaa3q8ym,270.63,74,152,0.836,3.66,2.05
yj708ceb2o5gueez45or,235.1,76,147,1.061,3.09,1.93
90z3slav21r61p88ksba,440.92,78,161,0.863,5.65,2.06
r28s9kyo7knrvytyvmt8,134.03,71,141,0.83,1.89,1.99
apxifjd35xfq6t47ysls,258.77,67,139,1.065,3.86,2.07
r4oklg89q3yx9o2dfq3q,254.48,59,125,0.888,4.31,2.12
4i0t5tq7o78lvc1zglgr,182.08,62,124,0.806,2.94,2.0
hz3im1vs42bx5rxbn7wh,288.77,76,145,0.766,3.8,1.91
icu31mfcha34dnwbsui2,142.17,59,119,0.866,2.41,2.02
1vb2vsoy23nr0monflhx,187.55,64,143,0.888,2.93,2.23
7iulsxm22wz4v82hgb2g,271.08,75,147,0.932,3.61,1.96
omzalmrzys0ymf4cgt03,326.8,77,164,0.994,4.24,2.13
nilkp0a54b01p87udccl,161.82,72,132,0.902,2.25,1.83
7ssihtyt72rzukfci0o1,161.13,68,136,0.831,2.37,2.0
ij9llitbhr4gi126l772,347.57,76,160,0.85,4.57,2.11
qxnna0of95m3oebjc84f,126.33,72,133,0.88,1.75,1.85
dt7s87imgsbma3l5scym,238.03,69,144,0.889,3.45,2.09
0m2kzubx9r60wyrsjj7j,191.4,76,150,0.767,2.52,1.97
wzfry2domlqnblox9w1b,142.87,70,135,0.748,2.04,1.93
otznu9tyqq50x0xij3br,226.15,71,139,0.705,3.19,1.96
wty9xgte39cr5rp39e50,355.52,80,160,0.756,4.44,2.0
5kqtdcvyt7rgqdoextw8,176.43,66,140,1.014,2.67,2.12
t5uf4x6hffga8in2ua6l,196.5,72,150,0.747,2.73,2.08
5dmn9cwdf4l1snqfjw1p,136.77,60,123,0.772,2.28,2.05
t8zrwu8iwkcdnwf3ruse,216.07,73,153,0.745,2.96,2.1
2b935bfe06ef02369807,393.73,9,92,1.152,43.75,10.22
71d0a8156e59c4dcedfd,54.33,2,65,1.6,27.17,32.5
6106e5232ac32bc22d1d,895.35,15,203,0.842,59.69,13.53
eb4493aa138e8edc3f6d,489.77,10,180,0.622,48.98,18.0
5d2379fb72082166dee3,375.47,14,135,0.911,26.82,9.64
2e40c1b07d32d3b80862,538.98,19,239,0.506,28.37,12.58
57f84519c468df122d69,381.1,29,118,1.178,13.14,4.07
64d65eddd629b80922f1,8.77,2,38,2.342,4.38,19.0
d311ac015e2e230935b2,397.35,18,100,1.22,22.08,5.56
33b73273ab8e1a11fcda,343.58,9,83,1.301,38.18,9.22
a1ed24a77c97b05064ef,322.85,14,124,0.839,23.06,8.86
f286ac7cd0663855cc5f,431.38,12,148,0.926,35.95,12.33
a3cd849a5a8d682e18db,280.92,15,117,1.205,18.73,7.8
e77eaaa90a75ea6167f4,361.07,15,151,0.934,24.07,10.07
faa31dca7ed1dd11fe44,1132.37,17,437,0.648,66.61,25.71
00df647ee4bf7173642f,1750.92,22,478,0.584,79.59,21.73
e0be3445997310f4d68e,687.35,22,324,0.707,31.24,14.73
cf73246d819a1ea78e14,431.25,13,150,1.1,33.17,11.54
b3e8039d33099e1d066c,316.7,19,96,1.135,16.67,5.05
b32b82ebae5971dd48df,481.38,27,167,1.359,17.83,6.19
9c39551b2cbe4f0c6d03,577.62,18,167,1.0,32.09,9.28
1ca19e51244cdd3f09ff,459.12,21,87,1.609,21.86,4.14
0eb6eec8b4bee8ab6a44,550.52,15,161,0.783,36.7,10.73
dc93d7d840a88e5efb17,585.2,21,186,1.21,27.87,8.86
c7d5a3256a9f99ba3e98,673.22,14,166,1.157,48.09,11.86
2b54ed4af8281eb82f58,674.92,11,179,0.81,61.36,16.27
c16e14d7aa5b4ef519e3,249.48,24,66,2.0,10.4,2.75
c53129098375fc7f17bc,1187.37,15,349,0.519,79.16,23.27
953123cfe1c275e6d8a9,286.18,13,136,0.772,22.01,10.46
7b1d65c8c7637c14d9f2,189.43,7,121,0.926,27.06,17.29
855b21869c4fdbed8047,180.62,3,68,1.603,60.21,22.67
f63cab44b941c6ca80d6,569.17,19,222,0.775,29.96,11.68
4e4bb1f26e34ca0a13dc,508.47,8,146,0.979,63.56,18.25
7f58862bfed16feedfd6,483.17,8,86,1.744,60.4,10.75
a2b5174e55754addcd68,393.93,10,132,0.909,39.39,13.2
056ab41140f68c15db14,667.63,16,262,1.08,41.73,16.38
9369995cb6743cb69182,388.92,17,119,1.437,22.88,7.0
e5b30ace9334d153e076,704.52,16,222,0.919,44.03,13.88
367c27a001837dabb2e9,379.27,14,128,0.812,27.09,9.14
a3c8ab369e2e928ed523,297.8,9,58,1.948,33.09,6.44
06309f4c8785254f4c13,146.13,5,79,1.266,29.23,15.8
47b08a7751ab609be9e5,163.83,7,99,1.081,23.4,14.14
17f2d0e73044110cdea5,411.28,11,141,1.021,37.39,12.82
c200d8d792314a9d3575,488.62,10,181,0.779,48.86,18.1
84f116e542feb4ff69c0,274.67,6,124,0.911,45.78,20.67
mbbw64iibpv7ndj2iie1,324.8,68,140,0.986,4.78,2.06
hpty3h6eij2tr467ueks,178.62,59,122,0.902,3.03,2.07
ygc6nfsry40yon3nicac,462.68,64,145,0.883,7.23,2.27
th28zykgzvfex40v22hz,350.4,66,151,0.834,5.31,2.29
3dglsy7ee3ytfq1lpwlv,423.97,73,162,0.852,5.81,2.22
219jkfkejubvu4dvuv13,329.33,69,158,0.873,4.77,2.29
rgl39qjfatpnh3v4o28m,376.3,68,163,0.902,5.53,2.4
iqhpwbqkqi7kugzduhit,460.28,65,153,0.948,7.08,2.35
12s3yomv0kltozc1qxc4,264.98,67,158,1.025,3.95,2.36
qaubz3kt65qtoit8g4vi,268.35,63,147,1.034,4.26,2.33
0qamadarf6xhm9pm2jta,317.72,62,132,0.856,5.12,2.13
1eekhswi2ckx4uw0j1c9,433.17,60,147,0.891,7.22,2.45
80xvovy2zizaj5kr0va5,263.97,64,147,0.803,4.12,2.3
hva2hcwvh4mv0i4t59t6,252.32,59,128,0.883,4.28,2.17
x9xz7kb08kmf1tytnc1f,231.47,66,136,0.904,3.51,2.06
tezxtgugzffgu5fxr0cz,523.88,62,155,1.026,8.45,2.5
lvp2qmljigke8u0nfbvl,377.4,63,133,0.917,5.99,2.11
8bj43lrpbsn3smxxn3xn,215.32,64,119,0.966,3.36,1.86
19buea1jycypffshcw38,396.25,64,143,0.944,6.19,2.23
vcw0s2e0akak8rqunatk,351.17,63,142,0.901,5.57,2.25
dri4ey8he2jovloucu86,250.25,63,129,0.705,3.97,2.05
687ndz7mxhpv3gg91ie2,307.03,62,137,1.029,4.95,2.21
wmep7eexur6wwrlrz9sv,267.92,53,125,1.016,5.06,2.36
2ui63dibc4r8oo0p9agh,410.83,60,152,0.855,6.85,2.53
rufanlg0slv70u876a05,450.38,67,158,0.962,6.72,2.36
o6tn58jvkqobrz2qmf5i,326.45,63,146,1.185,5.18,2.32
iwjs5oi2pl8omkdrs53q,344.47,67,148,0.973,5.14,2.21
qrrck1nnty89cmohw40b,277.08,59,125,1.016,4.7,2.12
6569uz69or21mbcejw25,247.27,64,121,0.843,3.86,1.89
jjx780kahllbp5y3x7p8,460.57,63,153,0.882,7.31,2.43
h7i4kmpsra4szfbhrcbh,308.07,67,143,0.937,4.6,2.13
0z4mockl76xn8mhdaehw,279.1,67,149,0.765,4.17,2.22
bfl1bc2oafd8hrz2xswq,285.22,60,147,0.925,4.75,2.45
7eeq2weegodhsqj7bxc2,313.23,67,154,1.104,4.68,2.3
0i1e50rz4mkhee97xvpo,352.95,65,132,0.894,5.43,2.03
ac896071204b0ce26a1e,1191.43,32,580,0.621,37.23,18.12
75a72c46b8271a57fba6,295.2,20,83,1.578,14.76,4.15
fda1eaffdfa7350e5d97,799.15,28,306,0.516,28.54,10.93
0e804947f4cdc2721046,414.37,27,142,1.077,15.35,5.26
f7c4a29d42220e1cea27,415.08,23,148,1.378,18.05,6.43
539911ee11c1b2aaeb88,730.47,22,165,0.867,33.2,7.5
94752e120f6bb6178ad5,450.07,29,129,1.372,15.52,4.45
13f8b8305f6c25c21921,1263.42,26,511,0.44,48.59,19.65
0c81ca27b7d931b6ff6e,510.65,13,217,0.581,39.28,16.69
e2ee4818284ba527ef0a,491.3,11,95,1.232,44.66,8.64
76a2f2705490042bb8cb,498.28,15,91,1.56,33.22,6.07
87aa4503451b6a77b2b7,557.27,20,131,1.069,27.86,6.55
1552f58e2818ce7fa863,833.65,19,208,0.654,43.88,10.95
211ed39c57c6e6cdefbf,385.45,18,163,0.773,21.41,9.06
28bc8af257c48eac3bf1,365.13,15,95,1.158,24.34,6.33
2f3ef424b925a9881b81,322.25,24,144,0.882,13.43,6.0
8fe25991951e1f37568b,355.55,22,139,1.014,16.16,6.32
a959b7dd7f65365313a4,790.25,19,396,0.354,41.59,20.84
67456512891f96cc0fc3,348.43,18,99,1.303,19.36,5.5
83bf9b0424c17c9e13e7,278.47,20,88,1.466,13.92,4.4
01558eef77a8d39b7103,489.15,31,145,0.986,15.78,4.68
359f25d9131a0699405b,625.0,18,162,0.753,34.72,9.0
1d7229e0f5f825007870,487.45,19,107,1.234,25.66,5.63
b9d88af0a70c4ccb592e,244.27,34,76,1.75,7.18,2.24
d4d7a248a58363732f8e,482.02,23,157,0.885,20.96,6.83
5e29473eb1e80fde79a0,545.05,30,262,0.511,18.17,8.73
0b307ee95b41e222f204,506.67,20,167,1.24,25.33,8.35
1974349ec27d7d67bf08,852.1,26,255,0.765,32.77,9.81
35e028ec34bfdb7a6d26,576.5,19,157,1.038,30.34,8.26
d3fd2319c0f3aa00c371,338.98,25,108,1.778,13.56,4.32
5bdad002590327215ae0,408.9,19,87,1.931,21.52,4.58
919b6f74756bdb77edab,342.43,21,116,1.043,16.31,5.52
8596e232b0d863cd3130,449.33,24,104,1.49,18.72,4.33
17656005bd4086137ab7,490.97,21,151,0.901,23.38,7.19
d76c58732e315933a6cf,318.47,14,79,1.405,22.75,5.64
7c27b1482db039a6eee9,466.37,19,78,1.667,24.55,4.11
75e30b71e38030454877,278.93,24,187,0.914,11.62,7.79
eacb3353d7bc80cf3e7a,333.15,17,92,1.554,19.6,5.41
41126caf1874c098d357,386.83,16,135,1.141,24.18,8.44
69ae85efb03510241445,536.42,21,143,1.28,25.54,6.81
c5c5601b771f1b4491fa,410.82,18,100,1.81,22.82,5.56
c4ffbc0ba8c38e725fc8,272.43,19,78,1.526,14.34,4.11
55a47a152d359522e38d,877.62,26,214,0.963,33.75,8.23
7ffc1d4e5026fc5195ea,440.5,24,95,1.611,18.35,3.96
a05da04117e032cb4977,617.58,16,133,1.406,38.6,8.31
9be4ba08415daa1ee6fe,221.98,12,94,1.181,18.5,7.83
o6kw9thwvq6csdr9taal,397.73,69,164,1.043,5.76,2.38
owzdfs89mm4ci0382a3b,172.1,75,142,0.873,2.29,1.89
7n0vh1m7hm3g0v8ggv7v,343.05,64,147,0.83,5.36,2.3
32n93dfesjggabieb85t,306.55,75,151,1.053,4.09,2.01
k6jujv82n727fuwbxa6f,326.0,69,156,1.006,4.72,2.26
di7sclw5samggg4sxipv,319.98,63,151,0.894,5.08,2.4
m380dsj058viwn3ly6j1,251.52,72,142,0.782,3.49,1.97
tndsnutlm99ld8f4uya0,345.63,63,132,0.947,5.49,2.1
twa56vh9h75mwaqdma1y,269.68,66,143,1.0,4.09,2.17
l1rn095adguamaugi4ux,345.0,71,155,1.084,4.86,2.18
qkc2f9omqulfmn3j0m9p,287.37,62,132,0.909,4.63,2.13
k7fa3kdg6dq9avbiqv1f,318.85,70,152,0.921,4.56,2.17
wi36b9plgjc82atx6z7h,217.83,62,125,0.896,3.51,2.02
aai4o855shne2taonl8m,355.93,64,146,0.89,5.56,2.28
pxnnkthuxasggux3hyae,477.08,66,152,0.862,7.23,2.3
nq4jln5s1zqjk7nwbbeo,146.5,58,103,1.029,2.53,1.78
p8bk6cdfntr0humt6q45,253.28,60,129,1.163,4.22,2.15
4nun1ah7qw10q705a2aq,318.75,71,141,1.0,4.49,1.99
9npnusbksscam12fc4ut,314.12,61,141,0.901,5.15,2.31
hu267zw9zywa4ew3d5bw,371.68,74,170,0.924,5.02,2.3
zhx5rxgopln1p5hd10ql,311.9,64,138,0.877,4.87,2.16
pammg9gw4enjosw3z60e,174.83,68,136,0.934,2.57,2.0
r9m46ndmmmzeeehft96z,283.8,75,141,0.872,3.78,1.88
i39gdpglcxstun30b4yw,302.62,61,135,0.926,4.96,2.21
whzjoeh34i7o86p37u99,272.2,73,143,1.077,3.73,1.96
3lbe8ny12qw7qwcyihpn,211.38,66,130,1.023,3.2,1.97
exaiz0y0uvpeg498cg4j,292.98,62,142,0.831,4.73,2.29
d9qmlhyp13mf5nto4qih,326.35,69,154,0.916,4.73,2.23
b6nwoi7doh1m1yzbkxup,341.05,63,143,1.035,5.41,2.27
d4xny47ows87zd7viwj5,350.73,66,160,1.006,5.31,2.42
zoo8a9uj8a0dplifqzdp,256.72,73,151,1.053,3.52,2.07
k6kv9y9tqfll5d282ymb,235.37,63,143,0.979,3.74,2.27
xf5q0ixkpbxl3w7k16qo,327.1,62,133,0.94,5.28,2.15
slmfpw1fyabrtys8ufg9,270.37,66,125,0.96,4.1,1.89
9dbg3fyz4qnj7x9qug6x,229.93,72,152,1.0,3.19,2.11
6ae7d356ba998218af82,322.4,14,79,1.608,23.03,5.64
2c6339f7c23a64d02081,278.68,15,125,1.032,18.58,8.33
79fdbcf16db75f75383a,494.32,15,155,1.142,32.95,10.33
50fec4ca4283ad18c000,529.75,24,150,1.527,22.07,6.25
077d5c82c9ee5019220f,250.42,15,138,1.167,16.69,9.2
41f718ae2aed1d6c2573,304.3,20,116,1.026,15.21,5.8
222d5ee50487a2b8601b,340.92,14,146,1.014,24.35,10.43
0088dc183f73c83f763e,579.75,21,215,0.777,27.61,10.24
f9d95830556934ae9a01,817.0,25,241,0.801,32.68,9.64
06aff3e28c5db152f506,442.95,24,139,1.353,18.46,5.79
3555053023c67d592439,319.12,21,105,1.143,15.2,5.0
f25a777dbbda3d4314d7,525.42,12,146,1.062,43.78,12.17
41e9ff991a4a21f423a8,615.15,28,157,1.376,21.97,5.61
6002b9ec0f4ad0b281cf,663.32,26,152,1.23,25.51,5.85
0b8bea274b24847526b7,197.42,7,102,1.049,28.2,14.57
f7a14eb1e15ceeea955c,421.7,25,166,1.283,16.87,6.64
68c45e933c2dc939e7c9,506.55,21,215,1.195,24.12,10.24
a5966200ae4d58200438,412.9,22,144,1.361,18.77,6.55
6e8118d5ad3c7093b869,618.78,20,184,1.136,30.94,9.2
2f3c37735e817244e646,310.45,16,104,1.125,19.4,6.5
95889f5d20e344714084,617.57,10,210,0.529,61.76,21.0
1329b6cf41debecda787,428.38,29,107,1.935,14.77,3.69
cb2fbb322cc30a8b8fef,496.43,19,186,0.812,26.13,9.79
daf693769d8638a22ee9,423.33,22,128,1.344,19.24,5.82
da2199a7da15995db5ff,475.58,22,119,1.487,21.62,5.41
460fa4961434cf281423,573.62,31,174,1.063,18.5,5.61
18654732ca312afc173f,776.25,25,232,1.25,31.05,9.28
7c3fa9ed66d940d49692,1068.82,25,252,0.806,42.75,10.08
6486c0664d217470d126,427.12,20,86,1.826,21.36,4.3
af8dedf6ecb4605a09fa,870.42,41,307,1.117,21.23,7.49
d2e033f11edce44fea3d,510.78,20,96,1.417,25.54,4.8
c955c51bfd07134bc831,510.75,26,126,1.357,19.64,4.85
906ffe092972df38360a,413.97,16,101,1.267,25.87,6.31
e6c8ce7f4d7b0b4ca4a6,532.82,28,179,0.81,19.03,6.39
5a8cce5abee961fc77f3,521.8,23,122,1.23,22.69,5.3
0c670262b3941d307600,509.77,24,145,0.876,21.24,6.04
7d882daa0b4d418d1d0c,569.02,18,149,1.698,31.61,8.28
d33a15d480f68c6ec82f,673.87,21,152,1.026,32.09,7.24
db2418c575c0a4f7239d,418.42,27,163,1.117,15.5,6.04
8f98bfcea1b9f0dba97e,358.93,15,115,1.652,23.93,7.67
5d580a610c7f8114eb5c,348.92,24,89,1.483,14.54,3.71
5c33bb784bb99763ed74,288.13,18,136,1.265,16.01,7.56
058c03d945c4ae0978a0,421.35,17,87,1.644,24.79,5.12
bfc3a5cb3b9c29f08176,943.47,20,329,0.65,47.17,16.45
a4bfb84ab74e59389e7a,817.53,30,321,0.763,27.25,10.7
152a0c17daaaa4e65e14,602.6,22,165,1.103,27.39,7.5
ee1ef9674f9e0bfca48b,148.3,11,65,1.646,13.48,5.91
977ece9de941d85308ac,478.62,16,218,0.615,29.91,13.62
15ab118362ecbbd03b52,527.43,24,117,1.41,21.98,4.88
f47eab262dd5809d4d60,425.67,21,124,1.218,20.27,5.9
5fbaf8a0f524358778bb,623.1,18,164,1.22,34.62,9.11
3267b84814316e2fa25e,534.6,22,166,1.084,24.3,7.55
f82461b84c9c48a36613,644.0,25,170,1.094,25.76,6.8
981cf48df067d975675b,762.5,31,204,0.917,24.6,6.58
bd099a9fd29545e3766a,435.3,17,98,1.357,25.61,5.76
9d030ebc092b353b9906,613.68,22,120,1.3,27.89,5.45
37905cfdcd105683aaf4,503.05,19,144,1.007,26.48,7.58
xy7cro773yqyoblucwkp,278.85,64,134,0.978,4.36,2.09
3qvqfnzdg358mord1cku,169.25,62,131,1.122,2.73,2.11
awxiqzybhp95e08qx1h5,147.18,60,121,1.041,2.45,2.02
dgoapkg9vpnafks22kx4,238.6,69,149,1.289,3.46,2.16
2jvnsh0veb6qnn3uv6i8,329.23,65,146,1.089,5.07,2.25
553l2g7kpifbvn82knxk,246.98,67,145,1.186,3.69,2.16
58n0dsxyyqnriomw67id,300.47,64,149,1.074,4.69,2.33
x8hldszj3z40bgxl4mci,438.9,61,168,1.101,7.2,2.75
putb7ja6dwpdag4bwvnj,269.72,66,149,1.047,4.09,2.26
3m4gx52iq3mwqdycm8mm,317.25,69,160,1.138,4.6,2.32
2zfdinkl7qrn0o62tlp4,334.53,64,132,1.083,5.23,2.06
rd32gyblqsfn03xatnmt,282.67,77,178,1.146,3.67,2.31
n8pe3tt7qmlgojwhhsj0,170.15,55,114,1.026,3.09,2.07
p6cp3ogj6xy2riczfupv,282.2,62,140,0.979,4.55,2.26
si6ymh6w7xbo2f40o0p8,125.88,57,144,1.097,2.21,2.53
9trgand057juzal1kecf,288.73,62,147,1.19,4.66,2.37
4acutl013itvh9va99p7,173.72,56,129,1.109,3.1,2.3
62olkigg7ntlaf6fzytl,309.08,61,149,1.322,5.07,2.44
zyfp520tbnq5p2pvrkin,229.73,69,145,1.159,3.33,2.1
yyz9rmyzzdp52h0glddp,384.83,62,152,1.079,6.21,2.45
2uxkhe454qk8jvk0ufvp,199.68,64,130,1.231,3.12,2.03
pkjom9yr5m9690fg6wsi,221.92,60,127,1.047,3.7,2.12
shtnl1wh1mconb8od5ko,209.88,60,139,1.165,3.5,2.32
ugaiak78ggmnku4yndlt,214.65,66,133,0.97,3.25,2.02
5mrih4nj5agvu67vao4m,311.15,62,133,1.263,5.02,2.15
66f99grd556eyxjqk7pz,206.08,65,158,1.044,3.17,2.43
vrdxefyyyx3tkticfqnv,305.6,64,151,0.987,4.78,2.36
ik7o5ykfnku0qp74sy1i,345.27,62,134,1.104,5.57,2.16
99dj4o3b2f6m4jemke7d,387.4,65,170,1.188,5.96,2.62
6tq9irjllweqmqe4u7sf,151.45,59,114,0.947,2.57,1.93
je7kqkmpwkosa7nkgfpx,279.17,63,140,0.979,4.43,2.22
3cic5ziycjx4ik4ll0v1,165.38,65,148,1.162,2.54,2.28
ef04ejvyvmh5votejbif,265.3,60,151,0.947,4.42,2.52
dfnvtf7qbi2955rjeaqx,218.12,69,152,1.309,3.16,2.2
bwvpzqnhh752noqjqj8d,150.45,63,138,1.138,2.39,2.19
4c90f16c0fcd85d3de25,1462.77,16,384,0.497,91.42,24.0
2b9ef4e3749f713870b0,320.0,10,198,0.566,32.0,19.8
b8290aea71e7a5421a02,19.32,3,43,2.349,6.44,14.33
5f55600069b483f999f5,414.02,11,293,0.403,37.64,26.64
170a695a2717bcd9b74b,642.55,24,272,0.574,26.77,11.33
a0a1991396f865c9e3dc,1296.68,31,467,0.803,41.83,15.06
3fee5c27236cbb682727,181.12,7,119,0.891,25.87,17.0
701a989d65a59c18845b,656.4,11,154,1.0,59.67,14.0
3672e2896ad7d8f2404e,264.83,5,106,1.151,52.97,21.2
52f1bca9ac9c792e4457,248.92,8,151,0.689,31.11,18.88
75097aa30e9373a612c7,555.77,29,196,0.872,19.16,6.76
72b4334deffff31dea8b,422.15,15,161,0.857,28.14,10.73
84e8300978b600b5f0ba,390.12,16,158,1.253,24.38,9.88
2ccfa5f79c8b61e465d4,767.17,24,317,0.88,31.97,13.21
63aded37545ab92d41d4,324.05,5,228,0.522,64.81,45.6
e851f82a650692f8e591,605.05,21,211,0.791,28.81,10.05
c352158bed343ccff8e5,841.35,13,173,0.694,64.72,13.31
e3ce61b92eeae0a33633,389.12,8,86,1.279,48.64,10.75
166cb02ac436c9d3662f,611.72,9,475,0.307,67.97,52.78
749fec50db4020e9bfcc,241.0,11,123,0.886,21.91,11.18
7ab9a2516b2dba99c36c,188.63,5,70,1.371,37.73,14.0
19fb3075dd2798538c9d,287.02,17,76,1.539,16.88,4.47
36ebf305b7206112f676,546.75,8,179,1.603,68.34,22.38
1397545fbe9882e5cd42,655.73,21,207,1.068,31.23,9.86
9e4c54a008ee874fc270,434.13,24,151,1.099,18.09,6.29
a8846b79555746e4f9df,138.53,4,66,1.545,34.63,16.5
1629f353a742f6a73251,356.87,16,119,1.37,22.3,7.44
1202c731c612353ceef0,780.78,22,299,0.505,35.49,13.59
0e062d9fa22dc8e3bca2,393.3,23,123,1.837,17.1,5.35
918236b530adbe510201,618.3,22,201,1.139,28.1,9.14
0f8bd9e33125347965a1,676.88,8,184,0.636,84.61,23.0
2c3b89432513b2035664,418.8,7,84,1.417,59.83,12.0
d94c5dba40d9fcbfb8d9,416.25,19,154,1.156,21.91,8.11
7380885aaba482170588,506.68,9,110,1.164,56.3,12.22
6d35a9a33338a84dd077,513.73,28,226,0.726,18.35,8.07
011d454f199c123d44ad,553.28,13,204,0.603,42.56,15.69
9e7bdc44129bf5acc196,535.78,12,244,0.623,44.65,20.33
93c2f240de504736b8d0,330.48,11,121,0.909,30.04,11.0
0f160cd19890b97092b9,429.88,16,119,1.277,26.87,7.44
432fd26823e230070734,1003.7,20,291,0.643,50.19,14.55
f4e46ba446c56e56259b,458.25,13,161,0.783,35.25,12.38
8fb30cb5c7ad360c995f,954.77,23,382,0.95,41.51,16.61
cb8c2285066597e012c6,290.52,6,125,0.808,48.42,20.83
a55511198784610bf30b,433.52,19,148,0.784,22.82,7.79
c5b9961e65ffa73d971e,613.73,25,227,0.802,24.55,9.08
5b5ef66e547d63806a56,1035.17,18,320,0.681,57.51,17.78
bafdbc62a48daf6840c9,199.42,6,175,0.709,33.24,29.17
d3ba1fe030801d700cb6,406.85,14,154,0.942,29.06,11.0
3f55d44d7572d52b2987,339.73,23,94,1.66,14.77,4.09
d27565678ffa4a9bfa85,249.3,6,115,0.887,41.55,19.17
efb9fe363bdeb9f48d69,337.07,18,102,1.01,18.73,5.67
28719a42e0cbf4991b7f,757.57,18,177,0.927,42.09,9.83
62156eada978f707f5d2,298.22,18,100,1.4,16.57,5.56
46a7a18ca160c829a15f,864.1,25,306,0.654,34.56,12.24
57c33a6126c456c5ada8,329.78,7,131,0.649,47.11,18.71
951eea03695f436017d3,175.57,5,89,1.157,35.11,17.8
098b2c66cbc1ed736e14,629.65,16,136,1.316,39.35,8.5
33ddb1517601db520cd6,587.77,19,131,1.221,30.94,6.89
446d2ad0ca2908ffa4f9,269.67,8,62,1.71,33.71,7.75
ae2e4cb7985c4ac71795,379.68,13,117,1.402,29.21,9.0
1b0baf552d2cd47ee10b,162.68,4,58,1.759,40.67,14.5
e86f896d71d48d87464d,227.67,10,61,0.59,22.77,6.1
62a877b83219f7974fd0,216.3,12,53,2.264,18.03,4.42
7a600fb7e3750998e7ae,335.65,17,105,1.305,19.74,6.18
c9c9f0b7606030f2aade,10.8,1,38,2.632,10.8,38.0
52f4899e918b57df28da,453.32,15,91,1.407,30.22,6.07
d235a2c32940b970ab7c,199.6,4,50,2.04,49.9,12.5
8242b99ad9d6609fd19c,132.97,4,72,1.375,33.24,18.0
8d93485dc6a4b2a9f03f,94.47,3,86,1.233,31.49,28.67
a108f1103f798c85d061,26.9,1,44,2.477,26.9,44.0
52d965ebf3ec0518bc0f,201.43,3,90,1.144,67.14,30.0
23dd64a1d2e4965198bf,182.08,1,103,1.019,182.08,103.0
f9ef2830cd485d038b53,84.08,1,31,2.419,84.08,31.0
e3b920878572dbcf8c9e,18.85,1,38,2.632,18.85,38.0
93iq4xjhvlc8072fsfet,228.55,62,138,0.978,3.69,2.23
nl4vt11ikn4we06zu0zj,343.65,64,150,1.033,5.37,2.34
cnqyqc90n3ixrlc3mri7,354.22,58,126,0.817,6.11,2.17
yb4sqfrwu788fa6y4zeb,154.92,64,129,0.643,2.42,2.02
kpw433bcv21ksp1wgrux,287.5,68,142,1.099,4.23,2.09
wxgj9kdmdrmullrthnso,234.67,62,149,0.899,3.78,2.4
bvz9hmtzknu45wvb0yaw,314.35,58,139,1.108,5.42,2.4
1kvfwfp2hr5hjxjxzjqd,174.42,61,143,0.902,2.86,2.34
m3y8jkkgflwqwcelrwzz,274.17,62,135,0.963,4.42,2.18
fov3pbwdqzvhgcjp7o9f,267.43,67,161,0.845,3.99,2.4
3iz4t53ooerb6sruxf3n,415.27,65,140,1.086,6.39,2.15
8ajv97zyciosc57q0cng,357.2,64,158,0.924,5.58,2.47
i8gdglua8vbd4ul9x09f,286.38,67,150,0.9,4.27,2.24
qd5cqu3du8n28xxtkftw,380.6,69,163,1.049,5.52,2.36
fvlb9xi66oze7eo3yhdh,379.6,61,158,0.987,6.22,2.59
4fl8e5s0nf65bm2m34f0,243.32,61,139,0.971,3.99,2.28
4glo109mkgy7azntyttp,246.57,54,132,1.03,4.57,2.44
cunf3y04zq0f90dgy36j,249.7,62,150,0.76,4.03,2.42
wbdvbdebq64ujpi9u7mn,219.15,61,135,0.956,3.59,2.21
0gfiioqi5g8djhh1wzol,311.55,63,148,0.919,4.95,2.35
fb735wd248crm37cgmgw,221.35,61,126,1.056,3.63,2.07
zon2ut7eqwqd7i86etaw,307.57,60,138,0.877,5.13,2.3
1hrtipd0awjpggdje5e2,233.82,68,148,0.75,3.44,2.18
hcm6w0jxnfqhkpm745cu,361.47,69,153,0.915,5.24,2.22
z0ti2nr5nh9fpad7wntt,364.82,51,129,1.031,7.15,2.53
44x159fl0pw2uucriuga,234.78,65,147,1.122,3.61,2.26
7c2qxvccum7f93e8ohgt,208.95,70,149,0.953,2.98,2.13
d6qgzp196pwnzk7agyn6,336.93,64,165,0.927,5.26,2.58
alj4azvv1eqg1cyr3ae3,176.07,61,133,1.068,2.89,2.18
vqz1prz6hwnqepxsieip,256.43,66,135,0.926,3.89,2.05
4xh67ezjc331pg9q3kfv,492.9,62,151,0.887,7.95,2.44
t8a5fgt3wo8w18amulu3,138.07,56,111,0.91,2.47,1.98
7r0ywonplo8up7m35eav,173.37,64,126,0.929,2.71,1.97
no0afrue2n6m8hcnuek1,399.13,73,173,0.936,5.47,2.37
ymb5gxf0fi27kpj2f101,329.57,59,131,0.885,5.59,2.22
d93519b044de1fa037b0,148.7,2,51,1.902,74.35,25.5
afc99b4940e933922aca,341.72,13,176,0.631,26.29,13.54
c5d83404b165578ef794,319.58,11,102,1.314,29.05,9.27
dcd0562f8fb44933cb08,146.97,7,84,1.083,21.0,12.0
7694d71417c2f5202940,319.4,9,177,0.729,35.49,19.67
3ba42ec5350aacb0750a,1132.97,18,374,0.741,62.94,20.78
e9b6fa8a87469779d732,852.92,30,251,0.733,28.43,8.37
cafe5989da5dfed9f404,1013.15,30,405,0.484,33.77,13.5
d52b119f8da2a1812722,410.77,15,165,0.715,27.38,11.0
11dae4659d30031a10dd,379.37,23,188,0.899,16.49,8.17
ec4897070f2d3b6eab89,483.78,18,116,1.147,26.88,6.44
a3a0e2129e405aef3d87,324.97,6,80,1.325,54.16,13.33
a06fdb8743c4d4ef09fe,196.45,23,109,1.202,8.54,4.74
3ff069e95a9047dbfa8b,577.95,23,243,1.037,25.13,10.57
016226278e6a69e10aa4,766.25,33,253,0.557,23.22,7.67
7c1d8516e6c2ab2d3030,135.15,8,85,1.506,16.89,10.62
453d43b3f6bdf467e672,733.88,35,271,1.428,20.97,7.74
6fe309a58b787e7010eb,585.68,31,281,0.626,18.89,9.06
d8ed5a1897987ffdeaed,522.82,21,126,1.365,24.9,6.0
99a53846658ba3341de6,654.87,11,120,1.2,59.53,10.91
3919286d3d8c4f4d339c,631.6,37,202,0.748,17.07,5.46
4a6e1cf1e4e9d8f54717,222.58,4,60,2.033,55.65,15.0
0fc996fff93c00ca5ced,971.12,33,514,0.37,29.43,15.58
aa83cf5fc68c1dcb5038,615.17,17,173,1.202,36.19,10.18
c9c946fe211251af32d1,453.23,26,188,0.979,17.43,7.23
bb3328d3b1eecb5e1a8a,930.7,20,454,0.469,46.53,22.7
5f7b406b2bbf9789735f,176.07,19,108,0.991,9.27,5.68
61de1e21015e07aacbe8,1220.55,20,445,1.009,61.03,22.25
5m6lgwi0mkqs8ilg3qqs,195.67,15,96,1.073,13.04,6.4
d1e44a91dd4f37c03d43,390.33,9,134,0.97,43.37,14.89
7bb37669654dedc7e397,379.98,14,142,0.965,27.14,10.14
061db2c91f94c612f2d4,331.12,12,64,2.047,27.59,5.33
76fe2c19fa84d58b584b,516.98,21,248,0.544,24.62,11.81
f36a755a3fa5db5c0743,464.9,17,156,1.019,27.35,9.18
cf7f9c2c6872be9bf2d6,582.42,24,213,1.122,24.27,8.88
b8162292f2171005c2ba,788.28,18,316,0.576,43.79,17.56
a8350dcececa0b02dd14,470.67,10,191,1.157,47.07,19.1
c99e6802625540e4d1e2,221.83,9,90,1.433,24.65,10.0
cade7d478dac7020a79b,268.17,16,147,0.769,16.76,9.19
20f97b68982d1b2f5c73,716.07,13,287,0.443,55.08,22.08
6d22912e7e93a96a8690,92.12,10,55,1.945,9.21,5.5
db0bcf208cbed26d0bfe,134.07,2,51,2.098,67.03,25.5
90f3fbedfce50f644011,1214.82,13,513,0.37,93.45,39.46
728a4a393899c37a5429,332.45,11,72,1.861,30.22,6.55
e3d0782396c346359a8f,307.5,9,116,1.19,34.17,12.89
9d02a160cd171c5f4c18,308.52,5,156,0.84,61.7,31.2
9952cc289c9f690621ec,301.22,11,85,1.494,27.38,7.73
0c57caf5358d30408034,438.88,6,186,0.747,73.15,31.0
93f451c36b535d39003d,217.48,2,62,1.516,108.74,31.0
ac4d829c715fb0c36ad5,56.9,4,47,2.128,14.23,11.75
0d4a3518a188f6888380,42.58,1,55,2.109,42.58,55.0
fqcud1c5mt7pdp9w0v6y,204.52,61,120,0.892,3.35,1.97
rq44ojyrvdtad0tzsm32,417.5,66,172,0.802,6.33,2.61
h6miro3m8713s3dxuipr,384.37,58,136,0.949,6.63,2.34
lexte4gc3dvjb7ty0qf5,244.9,66,141,0.972,3.71,2.14
6dx4zt62b8m37krb5l3n,295.2,68,159,0.95,4.34,2.34
oi7j42phxrp4mc1n9h4b,170.75,63,124,0.919,2.71,1.97
i5hexmb5zlzhd8lvwdv3,201.05,58,123,0.821,3.47,2.12
cp4d94b2v0ws6am7mvuw,215.23,56,123,0.789,3.84,2.2
6cxj0lsinp9d7215gtpe,298.37,72,166,1.006,4.14,2.31
t7x7ydt3u1cd2svfvk4q,228.7,65,133,1.045,3.52,2.05
6iag08nt7se7f2hkgzx4,379.63,63,142,0.965,6.03,2.25
d3tt41de5iashfjr1txr,233.83,59,124,0.879,3.96,2.1
uk8sadmdmw8p7e22l2yr,375.33,79,170,0.988,4.75,2.15
svxexhg20hs3bbqd4fm7,390.55,63,144,0.84,6.2,2.29
3p34idi1traz2k8j0ulk,303.83,65,150,0.9,4.67,2.31
t9a891e0764br5ujna1a,396.13,70,152,0.875,5.66,2.17
zeuj820acn6zhcbx617v,405.42,64,155,0.91,6.33,2.42
i1fr7kd71b2ni39kn958,469.07,64,136,0.735,7.33,2.12
tvsgkf4oqh769h40lj43,427.82,69,159,0.918,6.2,2.3
buv73728fa9viqgrz5mj,275.13,68,131,0.786,4.05,1.93
w1uwjc89gv68yxkutpoe,185.3,67,144,0.715,2.77,2.15
fkenlzdweox7v0zaopqo,313.73,65,131,0.87,4.83,2.02
uy29im7a6hnc34lfp8ae,315.68,66,144,0.833,4.78,2.18
kilhyvtskm84umerpjee,160.68,66,144,0.896,2.43,2.18
8urc1lsyw615q5prnxwh,374.68,68,166,0.765,5.51,2.44
jyaxybaq8vui614ytd8i,295.63,67,149,0.933,4.41,2.22
ijieo064jbrs5ss1cmol,271.25,58,139,0.906,4.68,2.4
zc7xkcpo969z98kh6bg8,354.12,65,187,0.834,5.45,2.88
4vnvytgnlmv4jbfw9h3t,211.3,66,130,1.085,3.2,1.97
pv0c4za1m616k25gfwfb,353.33,68,144,0.951,5.2,2.12
mqqf68ny1kdp6i69i7tt,413.12,65,141,0.851,6.36,2.17
9a25hcbd3mhgaj0fyelo,266.12,65,136,0.926,4.09,2.09
9lfh7vk4u8eh6zz1dmvp,212.55,65,129,0.798,3.27,1.98
xsxczvs8iluovs3pt5q7,291.17,67,133,0.789,4.35,1.99
reo07h0d5zehmotdlz2w,206.83,60,123,0.976,3.45,2.05
2d526c27123e59103e29,1348.58,29,477,0.721,46.5,16.45
488fc49e8fccd665c3e2,825.35,27,428,0.388,30.57,15.85
be032ee60c336e4701e0,301.85,7,149,0.987,43.12,21.29
19793e7e55b68c8dd776,361.72,15,127,1.094,24.11,8.47
fe752a6d1aa3d710d738,653.23,28,251,0.55,23.33,8.96
912794ea0c6936c83ce2,692.52,37,231,0.654,18.72,6.24
17e429460d5fda251953,940.67,20,402,0.423,47.03,20.1
2e3e7cbe0e69add8d31a,284.15,8,60,1.617,35.52,7.5
4bceaffe5e429ed3333b,311.88,16,80,1.3,19.49,5.0
f22c9341431a6123f670,454.53,11,129,1.093,41.32,11.73
0107f72b66cbd1a0926d,326.73,17,119,1.227,19.22,7.0
4c26df96293b4a52bc03,561.38,21,149,0.906,26.73,7.1
8e25bcfa51d165f162f6,411.07,9,81,1.457,45.67,9.0
9ee3e6df01c7cc22d066,856.03,20,287,0.669,42.8,14.35
42e83553ca9d77ab4aee,530.12,18,166,1.223,29.45,9.22
ba563fef8484139dc84d,533.9,18,194,0.619,29.66,10.78
9b1c065069dbb7a71617,525.18,10,264,0.485,52.52,26.4
1fa4f2361b8a03040292,641.9,31,187,0.856,20.71,6.03
82da6d26645f8f71bd61,435.68,17,78,1.5,25.63,4.59
a9554f5c3d61d05617e1,522.47,17,167,1.084,30.73,9.82
2e2c00240c341a4265e3,336.07,30,132,1.333,11.2,4.4
4e768251c78b687fa993,795.62,32,258,0.802,24.86,8.06
6964a3d507ac1ecf9e52,1140.82,36,425,0.553,31.69,11.81
03754dce5ec7731fb3e2,688.22,28,246,1.577,24.58,8.79
4738a118c8b8fa271fd6,465.6,18,137,1.088,25.87,7.61
2af634997fba501740c2,513.7,22,191,0.969,23.35,8.68
c9e6e9322dd7054e618c,322.58,14,86,1.291,23.04,6.14
d72abe041b8db9118e70,439.43,18,113,1.071,24.41,6.28
b0a62c35bfc7f529e83b,385.52,17,125,0.896,22.68,7.35
a856f10303ba34926fdd,635.17,21,133,1.12,30.25,6.33
951678e2f3db4cd9911d,358.78,9,87,1.759,39.86,9.67
b34d4dc5b6c5fd7c5def,377.63,12,75,1.587,31.47,6.25
430420fb41fe0a889868,745.2,18,254,1.224,41.4,14.11
e17f01453906e3ae5716,725.77,22,320,0.516,32.99,14.55
d536120baaef5495c028,320.82,13,147,0.776,24.68,11.31
2ecb7fb5ff8899614c12,424.9,12,208,0.654,35.41,17.33
d6f3f410bbb24244d270,496.48,16,167,1.257,31.03,10.44
67f8d47cfb7b7b3d2095,828.2,19,271,0.535,43.59,14.26
a0fa57995e3e8cdcc13a,574.75,16,257,1.393,35.92,16.06
fe40bd528b4fbbf591e1,724.4,24,205,0.79,30.18,8.54
be52205cb48c05e10567,77.8,6,55,0.255,12.97,9.17
03e0c9bff3a9557480d9,530.95,16,130,1.008,33.18,8.12
60c3549c706fe13322ce,521.73,17,145,0.862,30.69,8.53
2826ec26211d83efd2c6,427.43,28,168,0.875,15.27,6.0
6b9ee688551136da2eb9,247.82,17,119,0.899,14.58,7.0
454c91e8f96c1dc4e994,819.73,21,263,0.7,39.03,12.52
854ce9f7f4d7b6115854,291.2,13,80,1.412,22.4,6.15
d103bd9455fb9258c805,309.25,10,120,0.992,30.93,12.0
13de1d3a55477a0c0329,178.6,11,135,0.83,16.24,12.27
pg8ucem69ixbqhznx0x2,237.85,52,118,0.924,4.57,2.27
vzdurh8f0rfus5h4bde2,338.82,61,139,0.863,5.55,2.28
ucxxvfcovdwuokyswife,330.45,60,139,0.791,5.51,2.32
yums89f0epz009xrrwrf,345.97,57,129,0.86,6.07,2.26
4y1vvkscejq34042oag4,310.42,58,129,0.946,5.35,2.22
ng2c52g74hfaudyxmm6m,387.12,64,167,0.856,6.05,2.61
ttsjumez81r1ot6tfe7n,199.32,58,125,0.904,3.44,2.16
m3xzctvbxlbxz80zz042,262.07,64,137,0.781,4.09,2.14
1nebcwra7a0fduy8c1fa,445.77,59,143,0.713,7.56,2.42
z9q10sbk27qpuvatlkuw,355.88,58,141,0.589,6.14,2.43
cgydhui8n3uoxbq5rznl,289.4,63,140,0.721,4.59,2.22
sdun9fmcol7sud39mllw,366.38,67,163,0.755,5.47,2.43
csxiwtz34vm9vr0kbryx,430.27,68,167,0.778,6.33,2.46
4v5xbvn3yhmvs97477pc,278.35,56,135,0.926,4.97,2.41
g5wbnnhq1jbyc32q3003,306.95,66,146,0.856,4.65,2.21
ulowmljtsh72z64haltq,249.45,62,138,0.725,4.02,2.23
19rc4zj7sw4ms0996992,233.73,60,143,0.874,3.9,2.38
mn8t0yyppsznr674ic1a,296.45,64,143,0.622,4.63,2.23
isavn2ahb9n5z1q8win5,352.75,54,127,1.024,6.53,2.35
uhky1uwx18u1e4nixzzf,252.45,61,145,0.841,4.14,2.38
h9urbo4ce8x02brjnloz,237.88,63,133,0.782,3.78,2.11
lewkf2owb42ywhfto9yf,388.83,65,147,0.81,5.98,2.26
p3cs5x8cxrwubesmagvl,373.87,65,159,0.83,5.75,2.45
u968v341lom8drwdzqqj,359.23,54,143,0.65,6.65,2.65
x8hocidvl3emcmrhw2f8,344.6,58,148,0.777,5.94,2.55
0sgnvj4zfg3xjjb9fl6h,301.83,58,135,0.889,5.2,2.33
7ddzwidmh4uwbopvlast,295.13,68,144,0.896,4.34,2.12
j8inicu0iafkpv3u9431,317.5,58,140,0.843,5.47,2.41
74g1r714u01v7nb4vn8w,533.13,60,152,0.855,8.89,2.53
em248gxmeso9cw0wzlv8,280.85,60,153,0.817,4.68,2.55
hoedc2pzfz6av5bn1jq3,182.9,60,133,1.008,3.05,2.22
3ywgcurp27qp1fydp27z,325.55,65,160,0.95,5.01,2.46
inyirhdpjahiguhs9e5b,304.32,69,151,0.801,4.41,2.19
flde3irykh8wauaj2fuw,310.67,59,140,0.736,5.27,2.37
1otvyki9oso9bg6ob16u,294.67,64,148,0.818,4.6,2.31
05e1c3ce1728da7e37e0,281.43,8,151,0.417,35.18,18.88
93f200d7351d4980fec6,955.6,16,194,0.969,59.72,12.12
4dfdfa5e1a04c832b9b4,884.13,23,394,1.17,38.44,17.13
151cd83784ab9007e8d8,622.03,33,334,0.725,18.85,10.12
8e1012c9f4775ba6a451,1122.45,21,511,0.364,53.45,24.33
413cbf664ac3ba8307ea,624.0,25,223,1.112,24.96,8.92
3bf7b3c9aa7d93ecb603,976.1,14,294,0.864,69.72,21.0
9ad512cc6cbd79aa81c7,349.92,21,104,1.212,16.66,4.95
71f6622e7caa6ed92506,350.0,20,113,1.319,17.5,5.65
2fe9648ea28753c73c2c,743.78,24,254,0.76,30.99,10.58
4474f24ef69e01e2c001,245.1,8,82,0.427,30.64,10.25
f81f52969ef1de783de3,530.3,17,162,0.92,31.19,9.53
b9c7c66c8b57b9d3c6fa,644.88,18,193,0.601,35.83,10.72
a95a606f0110653858b2,632.68,16,197,0.574,39.54,12.31
66d7c0bdb21b7d5bd83d,1019.05,20,655,0.403,50.95,32.75
c89e8b7b18082e2fa6df,595.97,17,226,0.673,35.06,13.29
522837ace4fd8dd743f2,1467.37,35,616,0.425,41.92,17.6
0df40593e76a840fd64b,725.67,18,422,0.393,40.31,23.44
952e59666bdde6dad94c,751.9,19,322,0.72,39.57,16.95
800d0095388d11344b78,344.98,10,123,0.927,34.5,12.3
d53a4fb612fb801fff3d,327.37,16,197,0.497,20.46,12.31
71ca74e191e71b0219b5,351.37,9,103,1.107,39.04,11.44
dddd7ba8769cf90bfd62,358.68,21,124,1.185,17.08,5.9
758a52e21fd5c23cd7ed,477.9,18,146,1.034,26.55,8.11
4cc0dc56eecea1d928d1,369.13,15,163,0.957,24.61,10.87
e62f7655cb5259abfbf1,407.68,22,186,0.683,18.53,8.45
0258f681a9e1756dfc76,915.0,36,489,0.431,25.42,13.58
8bf3625652581859dcd1,654.47,17,276,0.957,38.5,16.24
63c38a00d97e62c31e08,555.45,20,219,0.831,27.77,10.95
f9dde99f5db421171b51,1356.68,22,535,0.424,61.67,24.32
b1b3363b7086aaa99b0d,241.85,18,78,1.513,13.44,4.33
e4af37199530e9ea523c,806.3,22,260,0.638,36.65,11.82
204fdbe885269686a392,379.85,9,160,0.894,42.21,17.78
b1fbf77b475e79c3d413,574.98,7,351,0.385,82.14,50.14
7f1c076b22be73eef99b,708.45,23,309,0.906,30.8,13.43
b9a8b9ee84232efd7d61,454.35,19,129,1.465,23.91,6.79
52a24e35d5356ab34a2e,438.55,17,198,0.788,25.8,11.65
5abcc9d4fb5e764b2f6f,567.03,19,257,0.759,29.84,13.53
04f2689b4ea16d8d7d9a,1341.43,38,607,0.568,35.3,15.97
2db6dd71f1d07300382c,275.18,16,80,1.4,17.2,5.0
d2c5423ea5fa0a995264,360.9,11,112,1.036,32.81,10.18
81c441973fd4e024d60a,1123.15,41,314,0.682,27.39,7.66
83b54209fa2b1055369b,539.48,27,181,1.133,19.98,6.7
9ee4ff457095eaf23309,641.0,22,243,0.588,29.14,11.05
b6808721d4a7900e360a,1461.48,21,467,0.657,69.59,22.24
f05247f3d32a4bf5a6df,600.7,20,351,0.422,30.04,17.55
6fc66606e74242398444,689.23,17,298,0.668,40.54,17.53
5a44a7c59729d41d596a,84.6,3,48,0.667,28.2,16.0
05e6d9723ab3cde0841d,1264.03,16,600,0.365,79.0,37.5
2a515047aa9d085849a2,928.92,31,293,1.024,29.97,9.45
3f34e3108d1108dab0fd,243.43,17,77,2.026,14.32,4.53
42dd5f9cd9e2c3ac9ed7,370.77,16,162,0.698,23.17,10.12
e5cab2ae37f3a9ed4f46,326.9,8,141,0.681,40.86,17.62
ca10145a308249ed82e9,648.72,12,132,1.174,54.06,11.0
5cda8273b348fbda9f29,756.48,15,269,1.078,50.43,17.93
96c23b85b0b4ffdc3cae,429.1,11,124,1.161,39.01,11.27
329622100fe091a4c48c,651.55,38,434,0.581,17.15,11.42
2933a3227c7ce7fe21eb,193.07,15,95,1.0,12.87,6.33
3dba043eb6065ad3a343,84.68,5,40,0.275,16.94,8.0
8a9f3822aaa08e579e4f,429.42,4,121,1.174,107.35,30.25
1367d35cf39783effa7a,233.05,5,73,0.685,46.61,14.6
c6ab0de398cfcbd21dc5,242.75,5,109,1.064,48.55,21.8
4e508744a9816cc4586a,158.27,5,81,1.296,31.65,16.2
o3jddioub8dsv0fm22qn,199.63,62,134,0.799,3.22,2.16
4130weedl0x9hc7qe5a4,272.47,67,154,0.714,4.07,2.3
aqpg6qwtponj9ojmx6ls,186.03,61,137,0.672,3.05,2.25
pgknalznufvmvwgc1ca8,370.22,69,146,0.781,5.37,2.12
oc0ww31yssff9rktgowo,194.63,72,153,0.869,2.7,2.12
rsclhbtmbxt0xrye64ax,229.33,64,142,0.789,3.58,2.22
orubxhpr5e1heat93ue4,200.68,66,135,0.778,3.04,2.05
4x441h9y6wzknmtdw7q4,285.25,64,147,0.932,4.46,2.3
2a6ap0t2rsvoogmydj3a,258.33,65,143,0.671,3.97,2.2
daty5mq7b20bkt2c2zfs,236.33,72,156,0.615,3.28,2.17
hhplrx9xd7cm2w7aslma,385.33,71,155,0.574,5.43,2.18
xgvqpyg5mro3wihwngur,387.65,73,160,0.8,5.31,2.19
jnupp0jsv1kjsvbzlnrr,117.65,63,119,0.639,1.87,1.89
u9owl1eky0jf8t3nc50o,177.0,67,152,0.691,2.64,2.27
ubi6gd21j9e9rw46hoz6,308.1,67,139,0.64,4.6,2.07
tv0sptqq56ri3dpcd9nl,338.23,67,166,0.639,5.05,2.48
8kvpozl8kjupzd4yvwbv,152.53,63,130,0.615,2.42,2.06
m6p2hujqw21vc4lyt3f3,164.38,61,137,0.562,2.69,2.25
nx4zicy1jbulkuen41s5,238.68,74,157,0.631,3.23,2.12
xnvmb8uox3576k142awg,154.93,67,134,0.56,2.31,2.0
nkr2o4v6q9alvt7ju51e,322.02,62,142,0.704,5.19,2.29
01qkq6w2v62cimidb3b7,227.2,66,127,0.843,3.44,1.92
tp8x8dgd7d6dhpth8xni,235.65,61,126,0.754,3.86,2.07
uhthvh60xp911d47x7xm,206.88,71,142,0.746,2.91,2.0
a30afe3tftu3pgsdxxdq,99.63,57,121,0.719,1.75,2.12
9nfrfi8p7oktnfr9c30b,218.8,71,158,0.601,3.08,2.23
34qcy2qj5lij7g82hpvw,209.03,71,146,0.685,2.94,2.06
mhufhb84kyqgs0anwy1d,230.63,65,138,0.79,3.55,2.12
1afepx549ssnar1m9acp,218.0,70,151,0.649,3.11,2.16
j605t14y7ie6vr2n8s2c,366.65,58,139,0.727,6.32,2.4
zq3xohaut5o9dbd9064z,295.78,69,149,0.638,4.29,2.16
me4d1o3nzhyoj0xfast0,205.75,65,129,0.822,3.17,1.98
p611flt77czmqgut14jl,205.77,55,138,0.638,3.74,2.51
zuw35j06tzftt6oon4c5,328.88,69,159,0.799,4.77,2.3
f527k17lr4aumahjtj92,168.35,66,139,0.504,2.55,2.11
33184c1cba6a37cdbda2,863.93,10,417,0.439,86.39,41.7
3f81bf9625e47ca1963f,398.58,15,133,0.992,26.57,8.87
8bece93f0b270602e64f,371.92,15,136,0.919,24.79,9.07
27cc9165eef05eb1733f,275.67,6,103,1.223,45.94,17.17
3c37e3ad275dcdd39e2c,877.52,15,201,0.816,58.5,13.4
46e2d5243b6eef040f97,307.45,21,102,1.441,14.64,4.86
37f3b3d773c5c073bc9a,306.93,24,107,1.393,12.79,4.46
96dc0554852b5a94a400,397.18,7,145,0.703,56.74,20.71
6273f50d9a0b4e6d971c,415.17,10,112,1.295,41.52,11.2
4478eae73fb84cedb102,677.98,23,271,0.557,29.48,11.78
0a7f1a73361654329281,319.77,18,122,0.926,17.76,6.78
301f57984e5d2969c938,533.4,18,146,0.986,29.63,8.11
3b3b2319b0995f149ecc,795.65,10,248,0.73,79.57,24.8
3313c40ea45a87f9d2e7,477.15,15,113,1.513,31.81,7.53
81931021ce711e124d0b,1004.97,24,355,1.006,41.87,14.79
9294393fcd13593bc537,559.05,23,186,1.022,24.31,8.09
31741464205aa8cdb4f5,481.28,25,154,1.279,19.25,6.16
c63d5a67687762a9f967,558.33,19,166,1.259,29.39,8.74
ad29c5822807dabe497c,690.12,22,267,0.704,31.37,12.14
6fefd33cf297f69bcae3,973.68,34,415,0.802,28.64,12.21
17dda5f588bed077c742,582.88,15,263,1.24,38.86,17.53
6d90c2fd38f2ea52ffd8,457.83,10,155,1.226,45.78,15.5
fcf6463f948b24ac7cd8,338.53,16,120,1.058,21.16,7.5
d1df92e9d19fb2f22ebb,1038.95,18,429,0.818,57.72,23.83
72d383f55803c5a81bd6,507.53,25,195,1.523,20.3,7.8
c20c86d30d19b39745e2,566.6,25,159,1.107,22.66,6.36
f26c1d520ac39293c68a,1231.1,26,439,0.528,47.35,16.88
bc48d03763657ec4aa63,1090.12,18,269,1.253,60.56,14.94
09e4bfadd7e012c37c7c,415.77,13,142,1.134,31.98,10.92
fc39de3859d890b9693d,597.1,13,223,0.74,45.93,17.15
a94a32ebd5f7d177053a,426.55,11,193,0.808,38.78,17.55
9b43f5fcb5d592a689af,543.02,22,192,0.974,24.68,8.73
b26aab632fd33a01020a,420.93,18,122,1.557,23.39,6.78
074d7f43de7264306775,681.35,10,212,0.533,68.13,21.2
fabad359607dabbaaed4,420.13,20,130,1.377,21.01,6.5
d6d6e7da792fdf0106f0,397.92,22,122,0.992,18.09,5.55
e6b9a4292b6a8e8e0ef0,193.2,11,52,2.058,17.56,4.73
9493dac6dc982d2b3dbe,989.08,18,425,0.478,54.95,23.61
9104b8987aefa9d8e884,420.9,10,105,1.314,42.09,10.5
7ec5fc60b1ce755e0e17,659.8,28,330,1.267,23.56,11.79
24ca7714d40e2fe53821,424.92,11,150,0.9,38.63,13.64
16c505069c1e5c2bece5,128.37,2,59,2.119,64.18,29.5
69a4b3d15a5bf0d0e43e,406.67,7,174,0.644,58.1,24.86
6abeead45fd57abadaff,413.88,10,163,0.883,41.39,16.3
5e89fad73b2ada2a30bf,460.62,17,164,0.841,27.1,9.65
94066a900026329cd5cd,1144.3,21,282,0.95,54.49,13.43
0bb8692f43a372e8d967,403.32,24,123,1.179,16.8,5.12
e224221a9971f9f45489,675.57,20,207,1.295,33.78,10.35
c42aff1f9940e24491cc,445.82,14,96,1.49,31.84,6.86
a34fbbb7d9a19eb82450,412.53,23,122,1.246,17.94,5.3
3c71b62d597098c4cd18,300.3,16,103,1.262,18.77,6.44
43d34a076620e32fedfa,711.22,19,228,0.781,37.43,12.0
eec0307b4d47609d6933,1118.62,25,370,0.557,44.74,14.8
d45eea92ed42431d9076,382.38,13,94,1.372,29.41,7.23
fe5cf715d9c94fc7779e,324.97,3,77,1.688,108.32,25.67
1f56b6bda24efafcf3a4,547.03,16,212,0.986,34.19,13.25
c682f6819dfbfc964bc7,984.47,14,219,0.932,70.32,15.64
81e59e96ce9bd6a76bdb,391.05,9,140,1.157,43.45,15.56
a96027a83196027cf822,613.68,11,167,1.257,55.79,15.18
f964ee6bca634319a68f,792.58,8,278,0.978,99.07,34.75
c35834f349db8ef7c591,916.7,16,330,0.752,57.29,20.62
7f91b4ad141d21887b79,772.72,14,236,0.712,55.19,16.86
a11b89c60677835e450c,445.4,9,104,1.817,49.49,11.56
lf5hmkicbiuolk7khwwb,294.13,46,150,0.84,6.39,3.26
4ewf46mylf75olvvihqj,170.45,55,135,0.941,3.1,2.45
u2rchqp6tof1bkr07izf,297.37,55,127,0.953,5.41,2.31
nrv5a6tr3ya2iv3p5xpo,259.93,57,128,1.195,4.56,2.25
70ym0xeqaqmx14dv6myx,481.43,51,142,0.866,9.44,2.78
r7embk7pqzg5g5p245x4,303.02,60,148,0.98,5.05,2.47
b2imd0ms1p4fxkfcpygc,233.47,54,125,0.992,4.32,2.31
jv67r7eqa9z2a1777eex,438.45,55,151,1.053,7.97,2.75
8jo5o2abn697lg482k0e,144.58,56,124,0.895,2.58,2.21
ezdogkk0jqt4nvvvbnxp,228.43,56,126,0.976,4.08,2.25
wf7yq9n2spgto3w5ad9r,227.6,59,142,0.908,3.86,2.41
p9enp5lzhiufas1xpd8p,298.43,53,131,0.84,5.63,2.47
lx7vfcjhdxzh2wkt42hc,313.73,55,158,0.88,5.7,2.87
dwg6k0ka5vuwzo5h11m0,357.78,55,156,0.917,6.51,2.84
5jxldd3plo4x6oq140l5,344.5,59,160,1.106,5.84,2.71
orgvbr9mbmfo4z8tbsa3,245.67,52,147,0.816,4.72,2.83
3w0b2b1gz9i1nhmtab7s,328.85,53,145,0.91,6.2,2.74
22fey6dqzcrm0jbtfnmm,501.62,57,157,1.083,8.8,2.75
4atjmlccken75lck9ffp,237.33,51,119,0.891,4.65,2.33
tuidsy7wcktf3jppecp5,411.63,56,161,0.981,7.35,2.88
gzthlilac9ixoayq02u1,315.98,61,154,1.104,5.18,2.52
r3uk44zat2tcyj5wmojt,290.75,57,152,0.928,5.1,2.67
k1r03pvvsv9zxrft5jgi,423.45,58,155,0.884,7.3,2.67
5ez4c53h3kdamnlvkpna,351.1,52,139,0.964,6.75,2.67
p10d5vx8mpn0v82i51gp,456.98,62,156,1.019,7.37,2.52
sushd67p0jy6f04a3h0m,266.3,51,136,0.934,5.22,2.67
cmy2w5due4kl6pn6uia5,215.33,61,146,0.671,3.53,2.39
4oqxw56hzk4fk8aqh3e0,271.92,56,140,0.886,4.86,2.5
d4geyy1ox6qzlz4ibz0z,224.72,51,132,0.939,4.41,2.59
wu3cwt7cavxrllp6s123,440.95,52,147,0.952,8.48,2.83
sf30f3p1koevnfztc2pd,217.27,52,131,0.977,4.18,2.52
i8lx9f5ut0kaz120j30d,243.25,53,130,0.854,4.59,2.45
6ixkthdoadcwip3r1sy2,307.4,54,149,0.879,5.69,2.76
skyax9iocbd5gzronpru,302.08,60,158,1.196,5.03,2.63
s97masc6nt48h4ly8s1w,308.53,52,143,0.804,5.93,2.75
510a90cd169e2eb042ab,1010.48,25,482,0.421,40.42,19.28
2959d8017312337a2ba6,884.68,29,393,0.702,30.51,13.55
07e3362d20ff4337671b,267.33,13,118,1.432,20.56,9.08
b6ed77b2b3283f9379c8,764.28,5,426,0.479,152.86,85.2
09dfa3f18e48917f0242,927.02,17,347,0.403,54.53,20.41
dba2bc2a15c1e8d696fe,520.12,11,111,1.054,47.28,10.09
ca66ab7e59628143cf1e,262.33,2,99,1.101,131.17,49.5
4a7f53c0a376edadf38a,676.48,12,254,0.512,56.37,21.17
bfcf5965e6024248f0a3,166.1,4,98,1.061,41.52,24.5
4156dc6090d72c95c23b,136.35,6,80,1.338,22.72,13.33
1b36a3223f9dd94a211f,624.63,33,208,0.947,18.93,6.3
8cdbc02c05d6ebafa9eb,264.28,23,86,1.686,11.49,3.74
390d1fc3b78420815190,655.57,20,208,0.904,32.78,10.4
be24259f2867b231800d,450.73,17,149,0.826,26.51,8.76
c7c79725138f07b9c265,1043.92,14,498,0.739,74.57,35.57
e199ddadaaf5aee02eb8,455.52,23,198,0.682,19.81,8.61
b92448e12093e45dc6ff,780.17,24,274,0.558,32.51,11.42
28d90a892cc66338f962,480.62,14,203,0.788,34.33,14.5
3a9d955e2ef47191a742,812.27,16,213,1.16,50.77,13.31
1096bd470d3ddff1ec1c,731.48,17,192,0.807,43.03,11.29
8b586d8b9c06414b2487,636.23,17,336,0.536,37.43,19.76
cc317db3f3bb874542a7,385.43,15,178,0.725,25.7,11.87
1224ceafb61456a033d0,526.13,9,164,0.841,58.46,18.22
29acddb87cfe062d73f5,517.0,17,183,0.672,30.41,10.76
e103cf810dfba59d0431,331.32,9,156,0.744,36.81,17.33
25c8e1ae2335e8c3e5b3,1096.13,21,336,0.458,52.2,16.0
b8a4fd679898150ef87a,885.02,31,452,0.664,28.55,14.58
80423084979315c20dbf,555.88,11,203,0.527,50.53,18.45
217c87d59a4372c4f3fc,864.72,7,242,0.616,123.53,34.57
5ada57d72f07c3803d33,396.58,6,138,0.964,66.1,23.0
f1c1c0932bfeb74762d0,1297.08,24,445,0.456,54.05,18.54
b21ec59d991586279d95,281.23,20,263,0.494,14.06,13.15
e28711e2f5500d3d6b04,1270.0,25,658,0.448,50.8,26.32
0d260d8fac2289c8ed9e,916.98,27,219,0.804,33.96,8.11
4c79be630ae9d3db6aaf,675.8,14,284,0.532,48.27,20.29
5e12a0421c20717035cb,784.55,20,380,0.387,39.23,19.0
7207088b2ef28ff6b669,417.15,18,113,1.142,23.18,6.28
c24bc0aaf20c79d2dfda,334.68,4,185,0.741,83.67,46.25
24524df0ca55659c384e,447.43,30,202,0.931,14.91,6.73
ed5a13234f04cae4894d,149.72,10,54,1.778,14.97,5.4
e7958857e7d2292ffbc7,516.57,14,159,0.748,36.9,11.36
86366c9920186cc4d1a3,546.45,12,198,0.798,45.54,16.5
767e222eeb367b2b010f,1147.67,27,389,0.542,42.51,14.41
46a60ed041c8ebf98061,280.0,11,86,1.36,25.45,7.82
54342435561e775ce97f,677.67,28,254,1.012,24.2,9.07
78e6c80ea8dc73ec747d,105.72,9,60,1.7,11.75,6.67
f50dcd09709383fea95f,395.27,14,197,0.736,28.23,14.07
ade35014b25afed24916,515.97,15,167,0.635,34.4,11.13
914f82268754cbf71a54,418.95,15,105,1.238,27.93,7.0
c0884e4814b0f32935f8,231.0,5,49,2.163,46.2,9.8
a87767892344a954c746,956.65,19,274,0.894,50.35,14.42
8f81bd9cbc5471ebfc60,1173.5,21,380,0.684,55.88,18.1
vwyziyyebvsje4dqjsrp,496.67,21,125,1.096,23.65,5.95
5c83f4ed6601ddf1a6fa,169.12,8,110,1.036,21.14,13.75
0999173c045ee29a0b44,324.67,18,140,1.021,18.04,7.78
8f477d2c60ec76ce22b7,480.77,12,143,0.916,40.06,11.92
6604efc6fd93e070f40a,580.97,13,106,1.283,44.69,8.15
1883af270e36a7580332,284.18,14,154,0.831,20.3,11.0
a14b9aa97f66fc82ede3,460.77,17,190,0.916,27.1,11.18
388090578f22a3c33738,497.53,16,95,1.411,31.1,5.94
1fc5b87acdfc2a8b580c,414.13,15,127,1.157,27.61,8.47
0b28c0a454678b75eefb,126.1,3,83,1.916,42.03,27.67
dfa917b9dc15c87ab016,1413.78,12,623,0.604,117.82,51.92
2e54b1c7bff5847c82a8,928.08,17,463,1.147,54.59,27.24
869eacc999a52155ed53,751.45,15,185,1.086,50.1,12.33
cby6hsod14blxr7zyfjs,319.03,72,150,0.76,4.43,2.08
gm1xiqmop9j2d2acc2jg,184.9,67,143,0.692,2.76,2.13
lqm8jh0uggps7yd0lx2x,289.13,67,133,0.737,4.32,1.99
7ae6jy1vw15ppmnq6sba,301.03,72,133,0.677,4.18,1.85
quam8ci0euq2dz8xldzz,301.85,65,149,0.792,4.64,2.29
4bq1kdgygbtif8w80s5y,208.35,67,139,0.698,3.11,2.07
l41f9f1gb0y5rxcqfv64,337.17,66,134,0.672,5.11,2.03
d16ht4y29lrac1brhwm1,268.82,70,130,0.815,3.84,1.86
0txd5enpfmbrth46w74b,202.85,63,129,0.705,3.22,2.05
preni1j2j1gkvq1knpag,181.57,69,126,0.714,2.63,1.83
ggweeccb6anw0j3y32t0,329.62,70,158,0.835,4.71,2.26
uem908xkm2x04s4iu84k,247.35,58,133,0.895,4.26,2.29
nd9xpohv0s4ttw0o7fts,121.95,75,144,0.653,1.63,1.92
ny6yox8nvtlotclebkk8,133.8,69,138,0.783,1.94,2.0
hpb03ydulnt2b9ffa0j2,299.07,64,149,0.866,4.67,2.33
2krjeqjgjqfuumdo3ibt,258.55,65,141,0.823,3.98,2.17
1n42senfkcjopw1zh39l,316.37,64,134,0.597,4.94,2.09
jj1jl4nhnkxllubypoq3,246.12,64,139,0.741,3.85,2.17
f5j3cojh9fr5gvylr0yi,334.45,66,142,0.739,5.07,2.15
hkk3qiui3e3r969oyfhf,309.33,68,159,0.774,4.55,2.34
xw0r5n17yfqv2va40bhi,153.42,71,144,0.66,2.16,2.03
4erna0vkk9gu5umle1se,246.43,66,131,0.962,3.73,1.98
fvqo3hum9a1rl6rxbyre,298.0,65,143,0.706,4.58,2.2
22wb5ostye8edvfar59p,372.4,65,161,0.826,5.73,2.48
bgvt5n1h0qt51ze0md7w,237.9,63,131,0.466,3.78,2.08
g4l5baozrnfblxayrhox,231.12,71,154,0.896,3.26,2.17
ec5zb47nxjbuzemc81p0,247.85,72,158,0.715,3.44,2.19
rd4p70jwu852pbdjwl2d,153.08,69,144,1.062,2.22,2.09
59bybxqvhton27u0jtfm,261.7,68,136,0.669,3.85,2.0
x7xh8m5fvmipvkav1cb4,241.67,71,149,0.799,3.4,2.1
ljylby8inwh5b93wkean,309.78,67,151,0.662,4.62,2.25
ygoahstwe9gz9w87qncs,264.88,69,140,0.679,3.84,2.03
xlp4p1b56hrhhyr2y3kd,244.08,72,135,0.674,3.39,1.88
me044us8pj1824r4dye2,376.27,72,160,0.65,5.23,2.22
0lgtv09uoh3ova8sjbze,398.9,74,160,0.681,5.39,2.16
4e693829528e3e7de62a,2295.87,41,789,1.148,56.0,19.24
4aa8ff74dc576b7adbcd,979.93,18,311,1.463,54.44,17.28
792e3326f0d9f68389d9,688.5,16,290,0.631,43.03,18.12
9b913075e93b2b788102,1379.73,21,456,0.741,65.7,21.71
1c2aef3af32f6323a31d,141.88,11,140,1.186,12.9,12.73
9f0ce6d4cdf9d1772417,392.58,19,137,1.234,20.66,7.21
db0241cf536c2174d9ed,769.15,17,248,0.706,45.24,14.59
2c27d4de6ae130e7e242,1099.8,29,512,0.715,37.92,17.66
2b3492096a4d12bb86cd,513.92,25,147,0.707,20.56,5.88
f8c2f04e8e116f0fd237,675.63,29,354,0.703,23.3,12.21
2a6394114c31a10dc92b,1065.62,30,394,0.919,35.52,13.13
0559e9cf806dab4cc20d,1104.32,28,290,0.652,39.44,10.36
6c14ce386a9cda72549c,652.8,33,263,1.513,19.78,7.97
2007f4965d2aa6064a25,498.78,31,184,1.147,16.09,5.94
6fa0b38bfd05105503a1,1074.0,17,221,0.787,63.18,13.0
3e4e608ace87fe97bdb5,470.08,18,142,1.106,26.12,7.89
d554e419f820fa5cb0ca,605.57,11,111,1.423,55.05,10.09
b8d20bc2e0d3d86f5613,667.45,13,170,1.071,51.34,13.08
df62b7675d1fdb8e6b11,460.87,11,137,1.35,41.9,12.45
ff63c210b94623453b5f,619.4,18,262,0.763,34.41,14.56
a2f48a796e250a14ff55,815.3,18,339,0.882,45.29,18.83
8975db410fd78d462688,421.92,9,111,1.847,46.88,12.33
dac03bcbefc3a08c8b50,107.0,7,103,1.0,15.29,14.71
d7464b55181ef45e2d63,566.68,25,222,0.59,22.67,8.88
663aff87732c52f0e342,1093.38,18,568,0.451,60.74,31.56
c3beec92b66ff78a6ba9,452.58,17,199,0.834,26.62,11.71
7535fe5ae754da62a534,365.77,13,101,1.277,28.14,7.77
d9dfc134efd3826bdaed,477.0,23,131,1.282,20.74,5.7
e2ea6dbbe90983dbb208,416.75,8,218,0.711,52.09,27.25
6efd2d79656d1b056f72,921.5,17,242,0.74,54.21,14.24
d5067bceac0ffa5e4704,225.33,14,81,1.346,16.1,5.79
ebe7a295f61c831b0093,540.92,9,188,1.122,60.1,20.89
fc916744a3bd5120978f,693.97,10,169,0.905,69.4,16.9
7c30aec52f13bebe07a6,429.38,13,104,1.154,33.03,8.0
2d9a38c93e37bc475cb6,480.45,13,157,0.949,36.96,12.08
a1a127e2bf29c380819c,475.23,10,99,1.596,47.52,9.9
2c7d02c44b47e3d24d52,191.83,7,81,1.481,27.4,11.57
ce9dd8f1570caa0d6f5b,880.2,23,380,0.345,38.27,16.52
7c039dde693a18f3a834,320.45,9,130,0.962,35.61,14.44
hjcfqm1yfzh8s77mo3ec,277.77,66,147,0.871,4.21,2.23
1hues7esy9erdsses6m0,252.48,64,154,0.649,3.95,2.41
p58nsuk0hj5uh2xk2k9p,207.2,64,140,0.871,3.24,2.19
5l1b1ma70rilf7mojch5,306.73,70,150,0.993,4.38,2.14
zylvq01zq0hxavbvsd2f,374.93,60,160,0.888,6.25,2.67
4ycyhj8tyx2b17fcx29j,380.78,53,161,0.882,7.18,3.04
n1nh33yq3nhwt4mx36yc,150.73,63,139,1.158,2.39,2.21
jtbq3gkfw2tcsjvfwm56,186.68,69,143,0.986,2.71,2.07
oriig6s6fmvi4f7mxamy,379.87,59,161,0.845,6.44,2.73
i3b6qk80m9jqwgft968o,306.1,58,133,1.053,5.28,2.29
2svwdpmdpjsdzafekntw,193.78,62,123,0.87,3.13,1.98
81kmylu471y1njt1pin3,206.68,66,151,0.868,3.13,2.29
e9vzigim3qs88f721ohz,186.93,57,138,0.942,3.28,2.42
8rsw4xhmff15occogf32,190.3,61,169,0.822,3.12,2.77
siv6gzi7una85o8fzrwi,236.17,61,138,0.899,3.87,2.26
ti44fbogdeqbfflbizj7,299.97,59,129,1.132,5.08,2.19
5rxl72n8rmnxwrxcss0q,194.52,62,127,1.094,3.14,2.05
tbypawuj167ycyvg8sc2,119.93,60,133,0.955,2.0,2.22
10xnkvdetxarrkdhx4i9,140.58,64,133,0.955,2.2,2.08
s8uk59p9w5ck47wlw3ea,258.37,62,148,0.784,4.17,2.39
y0bdtutppfdzzttzq8dy,234.3,61,134,0.955,3.84,2.2
ipd72mytvphpd9tcejgb,284.68,60,140,1.021,4.74,2.33
0dapvs3h4h3h1ahmt2o8,245.88,63,146,0.938,3.9,2.32
95jqkrj6zv7qf1wz1p8e,208.82,62,134,0.91,3.37,2.16
jivt017uwst4sg4fqlek,284.2,59,133,0.805,4.82,2.25
9jq31h6i3ny1lx0mx89e,351.5,64,175,0.891,5.49,2.73
cm2celd9hmos24j2a5cg,335.27,52,122,0.934,6.45,2.35
wmes720kojsggeq71m5y,297.98,65,153,0.85,4.58,2.35
8nqoz5k93j7it8w0muhl,222.27,66,146,1.041,3.37,2.21
6qp85ufr2o1zg8k0cvtb,261.63,53,127,1.063,4.94,2.4
5zczdtyecu2w495j80xv,393.6,59,144,0.951,6.67,2.44
bt192zri52uj2flwikrw,155.2,58,142,0.866,2.68,2.45
qol4cum3ewnz45dzpijx,388.97,63,150,0.86,6.17,2.38
k8d21tlgxmu6i35atvub,267.42,66,155,0.884,4.05,2.35
vd2j77wynysztt2wbv2v,256.85,57,122,0.852,4.51,2.14
