student_ID,total_submissions,Language1_count,Language1_ratio,Language2_count,Language2_ratio,Language3_count,Language3_ratio,Language4_count,Language4_ratio,Language5_count,Language5_ratio
8b6d1125760bd3939b6e,75,20,0.267,15,0.2,12,0.16,17,0.227,11,0.147
63eef37311aaac915a45,316,59,0.187,67,0.212,61,0.193,54,0.171,75,0.237
5d89810b20079366fcc2,62,15,0.242,17,0.274,8,0.129,9,0.145,13,0.21
47eeab842793b09300c3,152,33,0.217,29,0.191,33,0.217,24,0.158,33,0.217
a8eea517e36b20757b2e,207,40,0.193,53,0.256,45,0.217,34,0.164,35,0.169
e89cdaa3f159a0d3f55e,633,138,0.218,117,0.185,109,0.172,118,0.186,151,0.239
e324cc9cb52a2b3cb9cb,262,54,0.206,65,0.248,50,0.191,44,0.168,49,0.187
98e10f84d94623f8b39e,256,53,0.207,47,0.184,42,0.164,49,0.191,65,0.254
3c89c7f1db26ae691db8,386,80,0.207,88,0.228,78,0.202,65,0.168,75,0.194
9ea29e4a747ea4a7c70a,278,59,0.212,51,0.183,51,0.183,53,0.191,64,0.23
e23ada44d3eac9b465d2,91,22,0.242,19,0.209,12,0.132,15,0.165,23,0.253
b79c2d9d8148403a3720,341,72,0.211,65,0.191,76,0.223,61,0.179,67,0.196
01d8aa21ef476b66c573,182,32,0.176,27,0.148,42,0.231,38,0.209,43,0.236
9417c1b4c24e428984bc,371,74,0.199,66,0.178,65,0.175,84,0.226,82,0.221
3d63ba961a5f3a60616a,107,13,0.121,23,0.215,22,0.206,25,0.234,24,0.224
57709f904b1cc9ec60b1,200,42,0.21,46,0.23,36,0.18,41,0.205,35,0.175
8979427badebb9e2bd10,130,27,0.208,21,0.162,25,0.192,36,0.277,21,0.162
6e7d56f652020f046204,158,31,0.196,32,0.203,31,0.196,30,0.19,34,0.215
03aa0b20dd4af1888eef,253,56,0.221,51,0.202,52,0.206,43,0.17,51,0.202
1b25734414fcc7466153,300,66,0.22,59,0.197,56,0.187,61,0.203,58,0.193
8777bd09f180d330b147,221,43,0.195,52,0.235,49,0.222,37,0.167,40,0.181
8b1fbc97391699e46cef,434,86,0.198,83,0.191,73,0.168,94,0.217,98,0.226
dc83f9577ae72447a7b1,318,64,0.201,59,0.186,67,0.211,59,0.186,69,0.217
be503fccbf0ae5532639,161,24,0.149,30,0.186,41,0.255,32,0.199,34,0.211
cd6355bf939a47577f6d,604,139,0.23,105,0.174,111,0.184,135,0.224,114,0.189
fb4411db1aac3cd2544b,138,38,0.275,26,0.188,19,0.138,28,0.203,27,0.196
f06c3ddb1a98713eeb32,268,52,0.194,71,0.265,45,0.168,55,0.205,45,0.168
bca2be7a89b9b36b45cc,194,41,0.211,36,0.186,31,0.16,47,0.242,39,0.201
f058870b1bc33e288e82,136,27,0.199,28,0.206,26,0.191,30,0.221,25,0.184
a1fa76b5d99a411d6649,140,32,0.229,36,0.257,26,0.186,24,0.171,22,0.157
79ea7a2f63285f2fe26b,148,38,0.257,24,0.162,33,0.223,24,0.162,29,0.196
54826f4abf592713d585,155,34,0.219,24,0.155,35,0.226,31,0.2,31,0.2
e716574233e87591ff19,265,44,0.166,58,0.219,50,0.189,61,0.23,52,0.196
bab3d23935ae4f8e798c,490,88,0.18,86,0.176,102,0.208,103,0.21,111,0.227
d2403aa287eb869a170a,437,72,0.165,89,0.204,86,0.197,87,0.199,103,0.236
ce1a32f22b91f4d81015,210,39,0.186,39,0.186,41,0.195,46,0.219,45,0.214
d0a933a514028d777578,126,27,0.214,16,0.127,33,0.262,22,0.175,28,0.222
81c4c46f19cb21d54bbb,109,21,0.193,22,0.202,17,0.156,28,0.257,21,0.193
876aca2b8ce1958ea773,515,90,0.175,110,0.214,110,0.214,100,0.194,105,0.204
c57c5ca2df494f27ca64,141,23,0.163,28,0.199,26,0.184,35,0.248,29,0.206
64d1d58d40bca568347c,133,29,0.218,29,0.218,21,0.158,25,0.188,29,0.218
75c2677c8d156032e303,465,95,0.204,97,0.209,86,0.185,98,0.211,89,0.191
b345ecad87a7fbac77ce,382,74,0.194,79,0.207,85,0.223,74,0.194,70,0.183
360820d6620d17d1b48b,294,59,0.201,62,0.211,55,0.187,60,0.204,58,0.197
7086b49d3d6c2cf79c1a,121,24,0.198,26,0.215,26,0.215,22,0.182,23,0.19
cac3f85073c947532796,313,68,0.217,73,0.233,52,0.166,51,0.163,69,0.22
e37bbe9fe37f92b785d9,235,55,0.234,43,0.183,35,0.149,51,0.217,51,0.217
0a8736f6520cea837d94,312,58,0.186,58,0.186,57,0.183,57,0.183,82,0.263
37ae91c472189108a737,96,22,0.229,16,0.167,21,0.219,15,0.156,22,0.229
488934d01a504bc212b4,133,24,0.18,28,0.211,27,0.203,33,0.248,21,0.158
545eb6c8154273344669,197,31,0.157,45,0.228,44,0.223,41,0.208,36,0.183
22ae866c664a147f9971,93,19,0.204,20,0.215,18,0.194,14,0.151,22,0.237
86215294b080f19af22f,233,43,0.185,49,0.21,45,0.193,50,0.215,46,0.197
1e25b47eaef62694a236,131,33,0.252,20,0.153,21,0.16,32,0.244,25,0.191
580e98185da72b5f34cd,359,75,0.209,71,0.198,87,0.242,66,0.184,60,0.167
99d6b8a1cc0020112951,162,22,0.136,36,0.222,42,0.259,37,0.228,25,0.154
ff59855075a6bc39d62b,76,18,0.237,14,0.184,14,0.184,17,0.224,13,0.171
8d422b817027d7721870,95,16,0.168,15,0.158,26,0.274,18,0.189,20,0.211
18cdd44af62c6935e7a0,256,42,0.164,52,0.203,50,0.195,58,0.227,54,0.211
c00c91256ab1777d0dbc,266,55,0.207,41,0.154,60,0.226,48,0.18,62,0.233
10de703c06bf9d873d68,193,29,0.15,42,0.218,42,0.218,36,0.187,44,0.228
t3wo8xb4rq94n3fpfk35,143,23,0.161,26,0.182,27,0.189,35,0.245,32,0.224
8cvzwcc62ql4rqj0pyzl,142,26,0.183,30,0.211,26,0.183,27,0.19,33,0.232
79cvflltnemb9zpg6pgl,144,33,0.229,30,0.208,20,0.139,27,0.188,34,0.236
i21qi5qdsjqcch2xvdd5,152,27,0.178,40,0.263,27,0.178,25,0.164,33,0.217
qw1seyo5nrhlm8vby58w,150,29,0.193,28,0.187,33,0.22,36,0.24,24,0.16
exj3a7hd6gwihbowgm3w,145,36,0.248,22,0.152,29,0.2,24,0.166,34,0.234
qz6jjynwbd3szlp0rj04,137,22,0.161,33,0.241,28,0.204,26,0.19,28,0.204
0maggb1hf886m5u6p2vr,157,40,0.255,36,0.229,29,0.185,21,0.134,31,0.197
cuwakm24vlp785ky5w71,167,37,0.222,32,0.192,28,0.168,32,0.192,38,0.228
uvh2zil455wi0dcdan51,156,30,0.192,32,0.205,32,0.205,23,0.147,39,0.25
wwh529n48kyjq1xe9h46,116,16,0.138,19,0.164,28,0.241,31,0.267,22,0.19
o5lo8q4tb8yt0v8imkw4,145,28,0.193,34,0.234,25,0.172,27,0.186,31,0.214
pr6b1twg5sgsrzek6adi,158,25,0.158,35,0.222,44,0.278,26,0.165,28,0.177
zeuj2ypen39p38d4m3oj,153,28,0.183,39,0.255,29,0.19,32,0.209,25,0.163
6o68qswzkvrrtbiz6bzr,172,34,0.198,30,0.174,32,0.186,33,0.192,43,0.25
1mp9yiw6rkrr3846047g,133,31,0.233,23,0.173,23,0.173,28,0.211,28,0.211
lzvutqpj9ggc0nwwsxcv,143,27,0.189,31,0.217,27,0.189,27,0.189,31,0.217
isa355t9q5rut5fm8aml,143,36,0.252,23,0.161,23,0.161,32,0.224,29,0.203
5gs9643ghg39gpkgi3e5,135,30,0.222,23,0.17,22,0.163,25,0.185,35,0.259
ao2x473zwn7k7a6gpfr9,141,27,0.191,22,0.156,22,0.156,25,0.177,45,0.319
jwdjcrxdn0um79f0rjvw,138,30,0.217,42,0.304,24,0.174,25,0.181,17,0.123
oppl3ojvw61dvd5yw1wl,176,34,0.193,29,0.165,36,0.205,34,0.193,43,0.244
s0vfgmhobw9jq6al8iww,136,27,0.199,22,0.162,36,0.265,28,0.206,23,0.169
styld7k1gge5cvjria5b,127,23,0.181,25,0.197,27,0.213,18,0.142,34,0.268
fvurnsqlgyr9zbd6msqs,129,23,0.178,27,0.209,21,0.163,24,0.186,34,0.264
47vclaej1xmb0rc8kgka,149,25,0.168,36,0.242,24,0.161,39,0.262,25,0.168
cnkddx6ofjqd7ueylz0e,153,36,0.235,28,0.183,31,0.203,28,0.183,30,0.196
zlaig56ve06t7jruk2mr,142,27,0.19,19,0.134,37,0.261,33,0.232,26,0.183
ifj584ryrjv639n4nnsu,146,24,0.164,26,0.178,33,0.226,26,0.178,37,0.253
xh8a7nmtz192pknhec33,105,21,0.2,21,0.2,25,0.238,17,0.162,21,0.2
vhlntoniujqiclub2juy,131,23,0.176,33,0.252,24,0.183,25,0.191,26,0.198
9wax6sfj9cuqbbxc95om,135,21,0.156,32,0.237,20,0.148,33,0.244,29,0.215
oit2xadfbpuveswzx4pf,133,28,0.211,28,0.211,32,0.241,20,0.15,25,0.188
91ybnlkli8x332l13rrk,136,30,0.221,26,0.191,27,0.199,27,0.199,26,0.191
k4usquerebza4uy0i57h,132,31,0.235,22,0.167,23,0.174,33,0.25,23,0.174
119b36a5797d5ce69625,177,26,0.147,40,0.226,32,0.181,42,0.237,37,0.209
ee07cc24589beb775d33,208,48,0.231,45,0.216,36,0.173,43,0.207,36,0.173
44c7cf3881ae07f7fb3e,169,33,0.195,30,0.178,39,0.231,36,0.213,31,0.183
44c7cf3881ae07f7fb3eD,1,1,1.0,0,0.0,0,0.0,0,0.0,0,0.0
c681117f7f586fd730bb,185,39,0.211,29,0.157,34,0.184,35,0.189,48,0.259
1cfe33c5b178a0c2367f,119,15,0.126,29,0.244,21,0.176,25,0.21,29,0.244
6496d6268092ef8e7e9d,211,45,0.213,50,0.237,27,0.128,46,0.218,43,0.204
00cbf05221bb479e66c3,240,51,0.212,43,0.179,51,0.212,39,0.162,56,0.233
5963ba5cd9d242a00e22,158,36,0.228,26,0.165,30,0.19,33,0.209,33,0.209
9a630f9e9f4ec26d8fcd,128,30,0.234,24,0.188,23,0.18,31,0.242,20,0.156
21e23771e52cb5291b19,417,89,0.213,79,0.189,67,0.161,84,0.201,98,0.235
9c48779f6e97be993771,199,41,0.206,38,0.191,47,0.236,32,0.161,41,0.206
9795edf22e930bc30fa4,377,69,0.183,85,0.225,72,0.191,87,0.231,64,0.17
bf07cdd92f1ff3197397,263,48,0.183,50,0.19,55,0.209,61,0.232,49,0.186
7742559d8e833fbcd326,238,43,0.181,45,0.189,54,0.227,45,0.189,51,0.214
8a45d6748ec853f7694c,188,35,0.186,38,0.202,42,0.223,33,0.176,40,0.213
d3e269bf68d51851097c,285,60,0.211,60,0.211,54,0.189,56,0.196,55,0.193
8f1ddd99ac8c59bbd788,132,30,0.227,26,0.197,22,0.167,29,0.22,25,0.189
03b463f52c0fff35433b,72,13,0.181,18,0.25,20,0.278,13,0.181,8,0.111
b7f42d4b51972267680e,250,50,0.2,47,0.188,50,0.2,50,0.2,53,0.212
a1d00fdd7660b7e88077,132,28,0.212,23,0.174,24,0.182,29,0.22,28,0.212
ac7214620207dfdd149d,86,18,0.209,22,0.256,15,0.174,12,0.14,19,0.221
117ee98c7f916c88ddbb,216,50,0.231,32,0.148,40,0.185,44,0.204,50,0.231
91439fcb2590c49dd20d,104,19,0.183,16,0.154,20,0.192,26,0.25,23,0.221
53d51965c40a54cff1a0,118,28,0.237,19,0.161,23,0.195,30,0.254,18,0.153
efd58fbebca61c41c881,38,6,0.158,8,0.211,8,0.211,8,0.211,8,0.211
be75e05b9db5efb1258a,99,15,0.152,21,0.212,21,0.212,21,0.212,21,0.212
a337d5368b0d110803b1,82,20,0.244,15,0.183,17,0.207,16,0.195,14,0.171
204a7d6db340a3c18ca7,53,12,0.226,8,0.151,8,0.151,7,0.132,18,0.34
97442da123c449f6a146,140,39,0.279,21,0.15,21,0.15,28,0.2,31,0.221
cac84b1c3033872272f0,153,27,0.176,34,0.222,26,0.17,25,0.163,41,0.268
882ccee198e25b49b30d,837,158,0.189,168,0.201,181,0.216,160,0.191,170,0.203
8068144149e4ba65ef38,283,54,0.191,69,0.244,53,0.187,59,0.208,48,0.17
d035c324a020e7948fe8,179,37,0.207,25,0.14,42,0.235,34,0.19,41,0.229
e43a0e28d5cd6b54a2af,90,16,0.178,17,0.189,18,0.2,21,0.233,18,0.2
3565d61f3efec69e611c,81,20,0.247,17,0.21,14,0.173,15,0.185,15,0.185
e7feb8599ea5f596aeac,125,27,0.216,23,0.184,29,0.232,22,0.176,24,0.192
8ca890875272aede0af5,127,24,0.189,29,0.228,25,0.197,25,0.197,24,0.189
2150588a5903d9a77b79,197,42,0.213,49,0.249,36,0.183,33,0.168,37,0.188
e2d7ee3637149f7087b2,227,47,0.207,42,0.185,48,0.211,37,0.163,53,0.233
bd8eb49a6b08f5e66a70,117,18,0.154,27,0.231,28,0.239,26,0.222,18,0.154
915813ad1b5f1bbe2d6e,82,18,0.22,8,0.098,11,0.134,19,0.232,26,0.317
38357be0ab369a9ae942,134,29,0.216,26,0.194,21,0.157,31,0.231,27,0.201
798ff22d126a0f8034ff,108,27,0.25,32,0.296,19,0.176,15,0.139,15,0.139
4cb96f0d9108066442a8,110,18,0.164,26,0.236,19,0.173,19,0.173,28,0.255
cfaac49f7cc94528ffa7,97,18,0.186,20,0.206,20,0.206,15,0.155,24,0.247
89af2669cc93dc97f545,190,41,0.216,38,0.2,37,0.195,41,0.216,33,0.174
41abb1b9df74d29b7732,95,18,0.189,17,0.179,19,0.2,17,0.179,24,0.253
a5c03c57b0930cb5c2ac,62,15,0.242,11,0.177,15,0.242,8,0.129,13,0.21
ef133c92e274a97b6eeb,69,12,0.174,15,0.217,12,0.174,10,0.145,20,0.29
fnvhgnuqbir0drk8p1v2,124,26,0.21,29,0.234,17,0.137,21,0.169,31,0.25
zse4s5wowlo5xntqyqb4,159,44,0.277,29,0.182,21,0.132,40,0.252,25,0.157
wyhkcaf32y8h3707qzrz,140,35,0.25,22,0.157,25,0.179,27,0.193,31,0.221
2egpenarap9h0a2k0bc5,142,25,0.176,22,0.155,30,0.211,32,0.225,33,0.232
cfi8t4xrx12m2lt4flwz,153,26,0.17,36,0.235,26,0.17,37,0.242,28,0.183
t8sflynjwck4f650mtvp,145,32,0.221,25,0.172,27,0.186,28,0.193,33,0.228
pva49fsfcbexwz1crjvg,132,28,0.212,26,0.197,22,0.167,34,0.258,22,0.167
lswzzwjmreuixxjqglhy,141,28,0.199,24,0.17,30,0.213,29,0.206,30,0.213
votyzmo33yg7y89dag17,136,26,0.191,28,0.206,27,0.199,22,0.162,33,0.243
cy2sv8kkoybje2okbll0,143,32,0.224,29,0.203,23,0.161,29,0.203,30,0.21
jsmqh4aa20rpfeqmyx4h,133,26,0.195,26,0.195,27,0.203,19,0.143,35,0.263
ss27ig83t1pi1ztsy5w8,145,31,0.214,24,0.166,26,0.179,28,0.193,36,0.248
7rzwry01x1n79a7rw5va,144,30,0.208,30,0.208,22,0.153,37,0.257,25,0.174
yvyud23n1eara086vntf,142,25,0.176,29,0.204,26,0.183,36,0.254,26,0.183
9btb3ax7qaitktvbvn8g,145,27,0.186,38,0.262,23,0.159,33,0.228,24,0.166
vrx3ianblcyuixzmhzl2,155,27,0.174,32,0.206,22,0.142,31,0.2,43,0.277
qmf8702zbahi9083s7aq,141,26,0.184,34,0.241,30,0.213,30,0.213,21,0.149
13nq2h723zixyhir01lf,167,36,0.216,41,0.246,29,0.174,27,0.162,34,0.204
ta1gbqs6pw15bx0jb5on,139,22,0.158,27,0.194,30,0.216,27,0.194,33,0.237
jhmn3s11l13woe6jy3zg,170,36,0.212,29,0.171,35,0.206,33,0.194,37,0.218
w0u7vzowm7eimiupvmm3,147,35,0.238,26,0.177,31,0.211,32,0.218,23,0.156
2h9c9tdsnoz1hyzo5frt,153,23,0.15,31,0.203,26,0.17,36,0.235,37,0.242
vou4hlfvp8hv0r4odzq6,138,30,0.217,29,0.21,28,0.203,28,0.203,23,0.167
6g7c63m95z8acd3vx5ct,133,14,0.105,30,0.226,35,0.263,28,0.211,26,0.195
te17utf5x961ldgs8zwn,145,32,0.221,28,0.193,27,0.186,31,0.214,27,0.186
csvv3l0saxxx6pax18c3,122,24,0.197,26,0.213,30,0.246,14,0.115,28,0.23
kg28tppvvsvr918dkvlb,121,23,0.19,23,0.19,20,0.165,25,0.207,30,0.248
28tmrs0kyrrh1odyvf21,159,35,0.22,28,0.176,33,0.208,27,0.17,36,0.226
l82rq4xaymt7t5uytax9,136,33,0.243,23,0.169,24,0.176,28,0.206,28,0.206
jb3fqd2b9oyprn83h646,145,28,0.193,31,0.214,31,0.214,29,0.2,26,0.179
oyaoqkf2b1we4b67bv8l,150,20,0.133,27,0.18,33,0.22,34,0.227,36,0.24
l2yv9tvvcakn7ikerccy,135,29,0.215,23,0.17,22,0.163,30,0.222,31,0.23
xz7x7kwsn26marn29mag,147,22,0.15,26,0.177,28,0.19,40,0.272,31,0.211
qg0soq1i1uy7yndj17gd,125,22,0.176,28,0.224,20,0.16,26,0.208,29,0.232
8ivuhc6n7pr63b39dupt,148,31,0.209,38,0.257,23,0.155,21,0.142,35,0.236
139429592a9c23c08b71,108,22,0.204,20,0.185,27,0.25,17,0.157,22,0.204
b217bae3c84d59dde71f,178,38,0.213,32,0.18,39,0.219,36,0.202,33,0.185
e50db74322430aa289b1,148,27,0.182,30,0.203,32,0.216,28,0.189,31,0.209
4388d48ebff4cf866ecd,92,15,0.163,18,0.196,21,0.228,13,0.141,25,0.272
cef765c4375252a6029b,108,16,0.148,19,0.176,21,0.194,31,0.287,21,0.194
3ac65fbc295f5fbd2ff7,109,19,0.174,20,0.183,26,0.239,18,0.165,26,0.239
e73ae5f649c6f52b3fb1,154,31,0.201,25,0.162,32,0.208,33,0.214,33,0.214
b57bc31cac59b3d26216,654,131,0.2,136,0.208,135,0.206,137,0.209,115,0.176
132c90d4a027a4477ad0,136,24,0.176,31,0.228,22,0.162,35,0.257,24,0.176
33c123d08dc07edb50f9,67,9,0.134,20,0.299,13,0.194,14,0.209,11,0.164
9f447b50d5788f7b4d0a,117,17,0.145,29,0.248,31,0.265,23,0.197,17,0.145
23f1f5d3d90e2890a423,257,63,0.245,48,0.187,50,0.195,52,0.202,44,0.171
34aaaa47df8c4aa4d926,241,44,0.183,48,0.199,54,0.224,45,0.187,50,0.207
875704a45c0214c68eae,198,46,0.232,34,0.172,41,0.207,31,0.157,46,0.232
c5c5e10586e94f96fe95,234,52,0.222,45,0.192,32,0.137,50,0.214,55,0.235
2a003b122e9500e465c4,161,29,0.18,32,0.199,32,0.199,32,0.199,36,0.224
533bc4c6716035e694ac,210,40,0.19,36,0.171,55,0.262,33,0.157,46,0.219
a624e4f6e0a8f026cba9,92,18,0.196,26,0.283,18,0.196,14,0.152,16,0.174
7509bbe0d23fe15928ba,139,26,0.187,24,0.173,23,0.165,36,0.259,30,0.216
eb93cedc17b4eac76750,180,39,0.217,49,0.272,39,0.217,32,0.178,21,0.117
1feef8b4129f5bf21e67,122,26,0.213,19,0.156,20,0.164,29,0.238,28,0.23
951d2aca1b8a1c336908,243,50,0.206,46,0.189,56,0.23,47,0.193,44,0.181
49b95110a8c59f6b6c58,344,85,0.247,69,0.201,65,0.189,65,0.189,60,0.174
b8c0c68e7f1220949deb,89,18,0.202,15,0.169,25,0.281,14,0.157,17,0.191
451b0095938a3c54efc4,120,15,0.125,23,0.192,29,0.242,24,0.2,29,0.242
e4c80506c14da4ad563d,159,23,0.145,32,0.201,41,0.258,37,0.233,26,0.164
25019b8f1c3ac537894b,123,19,0.154,23,0.187,27,0.22,29,0.236,25,0.203
4884f3bdc068ef01e042,361,61,0.169,68,0.188,69,0.191,82,0.227,81,0.224
b43532c7a35b6aedd478,53,11,0.208,10,0.189,13,0.245,8,0.151,11,0.208
f9c641e9c05c243a751e,157,41,0.261,27,0.172,30,0.191,30,0.191,29,0.185
960bf72352d4f58ad083,166,31,0.187,37,0.223,31,0.187,26,0.157,41,0.247
0557b1363a5092b5811f,500,87,0.174,102,0.204,98,0.196,98,0.196,115,0.23
091554ffa26fc9b17c36,75,20,0.267,13,0.173,12,0.16,12,0.16,18,0.24
d7ad1a5f3ab7d6237f8e,365,76,0.208,70,0.192,75,0.205,72,0.197,72,0.197
e4d6737b176e6ca5ef06,192,32,0.167,42,0.219,37,0.193,34,0.177,47,0.245
5914db0d4427b322e8af,138,31,0.225,25,0.181,32,0.232,22,0.159,28,0.203
6314d7cbc465e29f357c,128,23,0.18,24,0.188,28,0.219,28,0.219,25,0.195
d2cb0d0da17471ee23a9,189,28,0.148,43,0.228,35,0.185,38,0.201,45,0.238
75dcc10ba89fd0c25d50,209,46,0.22,37,0.177,46,0.22,45,0.215,35,0.167
98be3476791a8df7e937,275,55,0.2,49,0.178,57,0.207,49,0.178,65,0.236
29172d2e39ca0d890848,97,13,0.134,22,0.227,21,0.216,19,0.196,22,0.227
b083663157e08e36d335,66,14,0.212,15,0.227,12,0.182,13,0.197,12,0.182
48ad93c227abfa9542aa,198,30,0.152,42,0.212,43,0.217,40,0.202,43,0.217
3ab864e1e692786fefd2,132,25,0.189,22,0.167,31,0.235,24,0.182,30,0.227
3b6f3bb370f3107e257d,51,16,0.314,9,0.176,9,0.176,12,0.235,5,0.098
a12c27630a75f6a4a64a,215,48,0.223,38,0.177,41,0.191,38,0.177,50,0.233
hq2dy5tjgczdmkvq0l2d,50,8,0.16,12,0.24,10,0.2,10,0.2,10,0.2
4a0890c15c26984c191f,212,42,0.198,48,0.226,44,0.208,46,0.217,32,0.151
a0b36e07079573966740,51,7,0.137,7,0.137,15,0.294,7,0.137,15,0.294
852687af72e9ee38fb42,54,6,0.111,11,0.204,11,0.204,13,0.241,13,0.241
9723ceb0cf2dca42c118,202,40,0.198,36,0.178,41,0.203,50,0.248,35,0.173
bd657014cfd3fe7a8fe2,95,20,0.211,15,0.158,22,0.232,20,0.211,18,0.189
2xk6toebmkxdw8f2bypd,72,11,0.153,14,0.194,14,0.194,17,0.236,16,0.222
02068067a434adb6556a,4,1,0.25,0,0.0,1,0.25,2,0.5,0,0.0
3531c5f9d520759ba697,244,44,0.18,50,0.205,56,0.23,45,0.184,49,0.201
037a76bc8e6bf5fe1fc0,41,10,0.244,4,0.098,11,0.268,10,0.244,6,0.146
c08165d73ae49215c391,173,45,0.26,26,0.15,27,0.156,39,0.225,36,0.208
84146496b8d6256d6982,52,8,0.154,7,0.135,11,0.212,11,0.212,15,0.288
5be7405ad4ae9d9a2853,177,29,0.164,40,0.226,43,0.243,30,0.169,35,0.198
avehb7ibwpvjcgcr474k,76,17,0.224,7,0.092,21,0.276,17,0.224,14,0.184
sfmngecoi3b7ahvhi2k6,89,15,0.169,20,0.225,24,0.27,13,0.146,17,0.191
1f4oscu6io8xlog2157e,135,33,0.244,24,0.178,31,0.23,21,0.156,26,0.193
gj009a2t56bxjluh0mox,171,31,0.181,34,0.199,47,0.275,23,0.135,36,0.211
ov1tvylbnny48ojayssl,142,28,0.197,30,0.211,28,0.197,27,0.19,29,0.204
qw19zri3d9vkqjhcn3xk,112,21,0.188,25,0.223,26,0.232,25,0.223,15,0.134
yesnbayr80dvsb8ajp9v,160,28,0.175,36,0.225,20,0.125,35,0.219,41,0.256
msko5bf6rjt9adsuxby9,155,26,0.168,34,0.219,31,0.2,19,0.123,45,0.29
8hn55e1bxuyegxa76l3r,137,26,0.19,29,0.212,36,0.263,19,0.139,27,0.197
t23e5lcdy5k50uvg5k0v,131,25,0.191,31,0.237,24,0.183,25,0.191,26,0.198
gsirdbny6840zq22vo7a,162,33,0.204,25,0.154,28,0.173,34,0.21,42,0.259
rb8z9vpc5uyhbcaa71v5,160,26,0.162,28,0.175,44,0.275,26,0.162,36,0.225
fcwom6dicy0kov3lxsf8,149,23,0.154,38,0.255,26,0.174,30,0.201,32,0.215
1nyzl7s790ta4c8r1l9g,142,24,0.169,29,0.204,37,0.261,26,0.183,26,0.183
rdf3wmujcm1k56ftf8uc,146,27,0.185,36,0.247,27,0.185,28,0.192,28,0.192
40rkj6cwy12hdupgq4w2,139,25,0.18,25,0.18,32,0.23,30,0.216,27,0.194
obyl72l5qy37to65i5ml,160,24,0.15,42,0.262,30,0.188,36,0.225,28,0.175
sx8c4g672zgcw7w2lflp,160,29,0.181,36,0.225,36,0.225,32,0.2,27,0.169
wj1gt5zvzfnjf7xcf1c8,134,23,0.172,22,0.164,25,0.187,32,0.239,32,0.239
p9a57kwg5xdwjzm8eql9,139,32,0.23,25,0.18,23,0.165,34,0.245,25,0.18
w9r5wihhl33fmutbq5qd,152,30,0.197,27,0.178,35,0.23,28,0.184,32,0.211
z0mde15metn3m79ek96y,135,24,0.178,25,0.185,32,0.237,30,0.222,24,0.178
udbo68xozj9btqumivk2,133,17,0.128,29,0.218,32,0.241,29,0.218,26,0.195
qu1rl2d6teeyti106rgx,134,30,0.224,19,0.142,30,0.224,22,0.164,33,0.246
i8wbhc071gfhkbhtmeb1,125,16,0.128,19,0.152,32,0.256,32,0.256,26,0.208
8l0qqik09gqh0e5anus0,138,27,0.196,27,0.196,24,0.174,29,0.21,31,0.225
7kqvekz6iho08947fhk9,131,26,0.198,28,0.214,33,0.252,30,0.229,14,0.107
148o63s7q5aitfxmmtrg,173,35,0.202,32,0.185,41,0.237,34,0.197,31,0.179
gk8izwg77g6t4p5buiar,135,21,0.156,34,0.252,24,0.178,29,0.215,27,0.2
70exfe4k4e5vvm5sqspq,141,31,0.22,27,0.191,27,0.191,32,0.227,24,0.17
e43g7im7dra88a4o8bbl,145,22,0.152,28,0.193,27,0.186,25,0.172,43,0.297
lqg2nmqf4x8w52gx12xw,131,32,0.244,20,0.153,29,0.221,29,0.221,21,0.16
lpzjucfyqwtb8ihim9b3,149,26,0.174,31,0.208,42,0.282,23,0.154,27,0.181
woxwsoo99kl7vq4mk0rr,135,24,0.178,31,0.23,26,0.193,26,0.193,28,0.207
gq3jw96afgct5rjiim20,143,24,0.168,32,0.224,29,0.203,24,0.168,34,0.238
hc0idvz0lxc4zpx94cbx,131,24,0.183,17,0.13,27,0.206,33,0.252,30,0.229
43vri1lqbgiiwbkaskqd,135,31,0.23,27,0.2,22,0.163,28,0.207,27,0.2
43d98a750c726bb39d11,137,28,0.204,28,0.204,27,0.197,25,0.182,29,0.212
5d16326e4577a67d94c6,149,25,0.168,33,0.221,27,0.181,37,0.248,27,0.181
e00bc7d9f2ce32c4f745,200,42,0.21,47,0.235,32,0.16,35,0.175,44,0.22
21fc5674d24be8e9da89,51,7,0.137,14,0.275,9,0.176,10,0.196,11,0.216
a7fc1ba478db11fde063,80,17,0.212,20,0.25,19,0.238,10,0.125,14,0.175
63ff3dff3eb31d62ab3e,225,39,0.173,46,0.204,51,0.227,36,0.16,53,0.236
4edfd2e1b7c5c5d1d384,77,14,0.182,19,0.247,17,0.221,14,0.182,13,0.169
cbc8550ffaf44443c7ad,171,33,0.193,42,0.246,32,0.187,42,0.246,22,0.129
766836b5f30556e81da4,100,19,0.19,14,0.14,27,0.27,18,0.18,22,0.22
df02e3643bb9ee33fb0c,124,23,0.185,23,0.185,26,0.21,20,0.161,32,0.258
f5c3c6eb77fac482de13,85,12,0.141,14,0.165,18,0.212,17,0.2,24,0.282
5f8d87412f69e3d9fb13,68,15,0.221,13,0.191,14,0.206,14,0.206,12,0.176
6923e581d76689cb57a1,153,31,0.203,28,0.183,37,0.242,27,0.176,30,0.196
e865c97bc96802575f80,427,97,0.227,87,0.204,80,0.187,83,0.194,80,0.187
fb5d5693ffa9f022a191,92,17,0.185,18,0.196,18,0.196,20,0.217,19,0.207
1bd9bb053a3ac1bba507,85,18,0.212,18,0.212,16,0.188,16,0.188,17,0.2
49ef48443e09f8be12f6,119,21,0.176,27,0.227,21,0.176,22,0.185,28,0.235
def1216bf8f3009dbe41,159,29,0.182,27,0.17,28,0.176,30,0.189,45,0.283
d02f48d05ce5e7ca16e1,139,28,0.201,21,0.151,25,0.18,27,0.194,38,0.273
6b22922bfe081d68c7a6,312,63,0.202,57,0.183,75,0.24,64,0.205,53,0.17
baed8a816ea02ae929f4,183,34,0.186,44,0.24,44,0.24,30,0.164,31,0.169
dee7cfe3312551bdf5a5,109,21,0.193,27,0.248,19,0.174,20,0.183,22,0.202
ef912a5602a5f70b244b,86,24,0.279,15,0.174,17,0.198,13,0.151,17,0.198
48a71a6a5a15e31084e3,119,23,0.193,30,0.252,20,0.168,22,0.185,24,0.202
16d68f70cf5e52d0b34a,218,41,0.188,38,0.174,50,0.229,38,0.174,51,0.234
ba8c301bda7090bda756,61,8,0.131,14,0.23,15,0.246,16,0.262,8,0.131
311abc37a94ae8afe41a,152,27,0.178,28,0.184,30,0.197,29,0.191,38,0.25
fdd50b3ad56dcf116c82,100,15,0.15,17,0.17,23,0.23,29,0.29,16,0.16
e22c18eef214a779b4c2,197,43,0.218,46,0.234,35,0.178,34,0.173,39,0.198
8711049a2e0ef13bb10c,69,9,0.13,13,0.188,19,0.275,16,0.232,12,0.174
9ef8a5baccebc3841cb2,75,11,0.147,18,0.24,15,0.2,13,0.173,18,0.24
adcc5c13042d66cbfc8b,208,43,0.207,38,0.183,48,0.231,39,0.188,40,0.192
54f91ccb08cbece520da,154,40,0.26,31,0.201,30,0.195,30,0.195,23,0.149
cb65e2038b786e801292,55,14,0.255,9,0.164,13,0.236,14,0.255,5,0.091
1f67cb2e7affbb00b6c8,360,78,0.217,67,0.186,64,0.178,63,0.175,88,0.244
45b6cc87a7e957f83027,161,37,0.23,30,0.186,25,0.155,33,0.205,36,0.224
ff2d815d9ef74b153b54,106,18,0.17,25,0.236,20,0.189,20,0.189,23,0.217
73ae359d8e93d41ae4ff,98,24,0.245,21,0.214,15,0.153,20,0.204,18,0.184
264320c6b92b92795ba0,223,52,0.233,45,0.202,42,0.188,46,0.206,38,0.17
504278569f7c6dff25e3,78,10,0.128,20,0.256,15,0.192,16,0.205,17,0.218
40eb36011ced9a882ea9,238,45,0.189,48,0.202,50,0.21,46,0.193,49,0.206
ed4b51eb098deb0ba58e,156,29,0.186,31,0.199,25,0.16,35,0.224,36,0.231
b4a2138f577d9306f593,322,68,0.211,64,0.199,64,0.199,66,0.205,60,0.186
76366e9c264169b2bae1,202,46,0.228,42,0.208,42,0.208,38,0.188,34,0.168
d059dfed16a6d1ca6ddf,177,40,0.226,21,0.119,30,0.169,37,0.209,49,0.277
0b828e1ae026c57b34dd,88,20,0.227,21,0.239,16,0.182,10,0.114,21,0.239
b1976734aee3bf129820,220,48,0.218,35,0.159,48,0.218,43,0.195,46,0.209
50673b01fd2b0c765572,193,44,0.228,31,0.161,26,0.135,39,0.202,53,0.275
b3ac0cebf20ee45135ca,238,44,0.185,54,0.227,48,0.202,53,0.223,39,0.164
74137c4db75be61c10fa,336,61,0.182,73,0.217,63,0.188,77,0.229,62,0.185
781f69b185122bfaddca,115,22,0.191,27,0.235,16,0.139,28,0.243,22,0.191
744e7141564ed216b812,62,10,0.161,10,0.161,17,0.274,8,0.129,17,0.274
3c1b9222136b752563f6,73,15,0.205,13,0.178,12,0.164,16,0.219,17,0.233
48a96425072cefa0dc69,142,34,0.239,23,0.162,37,0.261,20,0.141,28,0.197
8ee4fdce37fceab5620a,65,15,0.231,17,0.262,10,0.154,12,0.185,11,0.169
d6d4488fa27e11465974,61,9,0.148,13,0.213,13,0.213,9,0.148,17,0.279
6efd353d32bd3d908b23,135,22,0.163,27,0.2,32,0.237,28,0.207,26,0.193
4ca5c8ea55be09213d14,138,32,0.232,32,0.232,21,0.152,30,0.217,23,0.167
ec86426a6e0331d06091,102,27,0.265,25,0.245,13,0.127,22,0.216,15,0.147
09400a9b50b6c96c5510,172,31,0.18,32,0.186,39,0.227,30,0.174,40,0.233
f5jwwahac3fyc6rq5tex,142,29,0.204,19,0.134,27,0.19,33,0.232,34,0.239
mwmft9w9vjod1g7jidmb,143,37,0.259,23,0.161,25,0.175,29,0.203,29,0.203
zprxec1qxs8nqsmc5830,157,41,0.261,35,0.223,29,0.185,25,0.159,27,0.172
cygc6ulxpz04ex7under,139,20,0.144,24,0.173,33,0.237,26,0.187,36,0.259
m4qqnaq8p8fn7b7bl5ic,143,30,0.21,29,0.203,35,0.245,26,0.182,23,0.161
sx57v4y3hp52f9selxdo,144,35,0.243,28,0.194,37,0.257,23,0.16,21,0.146
ksm67082xy9g2wnalt38,153,31,0.203,31,0.203,34,0.222,29,0.19,28,0.183
58widcj6smafuwyqxw2m,147,36,0.245,20,0.136,30,0.204,25,0.17,36,0.245
n3dkt0eq0ekpby9lv06i,131,30,0.229,22,0.168,16,0.122,28,0.214,35,0.267
v4k20n9xryqdpe6fx42x,140,29,0.207,22,0.157,26,0.186,31,0.221,32,0.229
35wcdp4s13xmtyq5f7os,145,27,0.186,32,0.221,28,0.193,28,0.193,30,0.207
2ddkknvpbz2j9wlvybtj,143,24,0.168,27,0.189,32,0.224,26,0.182,34,0.238
10qi28ikwz4c4v22b06i,147,22,0.15,29,0.197,25,0.17,29,0.197,42,0.286
9b0guld0vdm0ggmmfb8k,128,21,0.164,27,0.211,23,0.18,28,0.219,29,0.227
1t6e0wa99fijxi3ssnzk,130,29,0.223,26,0.2,28,0.215,23,0.177,24,0.185
q1movls9kc4kglv6sb5g,148,25,0.169,30,0.203,32,0.216,26,0.176,35,0.236
628bztd9ybuth5efk7nw,170,28,0.165,30,0.176,32,0.188,41,0.241,39,0.229
vbgs2hp7aiiw880dpm1s,144,27,0.188,31,0.215,26,0.181,24,0.167,36,0.25
n2bgnbybijni2e9crs4x,132,29,0.22,27,0.205,29,0.22,21,0.159,26,0.197
scl0uh5ig9ehluvs46h2,146,28,0.192,32,0.219,27,0.185,28,0.192,31,0.212
uzk23hynw87co5ru0tr8,168,35,0.208,35,0.208,33,0.196,32,0.19,33,0.196
8wkyo305dh8esq6eop37,139,36,0.259,27,0.194,21,0.151,32,0.23,23,0.165
mm5p2ct8c21h4q753p3n,151,34,0.225,25,0.166,33,0.219,29,0.192,30,0.199
e58gk2f3crnwqnx0gett,134,27,0.201,32,0.239,19,0.142,28,0.209,28,0.209
2xsbkm76x36qvddrl2yo,138,29,0.21,16,0.116,31,0.225,31,0.225,31,0.225
sbb3va36jvpkdpj257ek,147,33,0.224,35,0.238,23,0.156,28,0.19,28,0.19
uon3zzl9a1zr5zmeodmr,133,30,0.226,28,0.211,24,0.18,25,0.188,26,0.195
erjfooit15024g7nj8co,138,28,0.203,27,0.196,31,0.225,33,0.239,19,0.138
pgrig4vo54owe59j2j5f,144,29,0.201,23,0.16,32,0.222,24,0.167,36,0.25
i8ryguu9cpkrb6ouhwqq,163,32,0.196,32,0.196,29,0.178,31,0.19,39,0.239
j07d6onchxesk14v7b8w,134,20,0.149,29,0.216,30,0.224,25,0.187,30,0.224
wfsgbko6rfmajn85khu4,126,24,0.19,28,0.222,23,0.183,21,0.167,30,0.238
0m8o7nuv982vnv3328qw,128,24,0.188,25,0.195,29,0.227,18,0.141,32,0.25
amzij11bls4wa79p3cj8,152,27,0.178,28,0.184,31,0.204,23,0.151,43,0.283
axunv0aihh5wvi27tx50,133,29,0.218,22,0.165,33,0.248,23,0.173,26,0.195
6837091518a3524730fb,402,76,0.189,77,0.192,84,0.209,88,0.219,77,0.192
b050239b47c66a7280c9,177,47,0.266,40,0.226,37,0.209,22,0.124,31,0.175
bc7286901f708e9069eb,150,27,0.18,36,0.24,31,0.207,36,0.24,20,0.133
e877c03b218bddedd3b8,147,22,0.15,32,0.218,32,0.218,37,0.252,24,0.163
8f9ecba976a15fa5d900,177,34,0.192,29,0.164,35,0.198,34,0.192,45,0.254
6cbcdec2dffbcf09a91a,56,6,0.107,12,0.214,15,0.268,14,0.25,9,0.161
fdd714a996ac8bd8006d,62,12,0.194,11,0.177,15,0.242,13,0.21,11,0.177
fc5a9edc3413ecece4bd,76,20,0.263,17,0.224,17,0.224,9,0.118,13,0.171
7bfbef4127aeec4b344e,278,57,0.205,59,0.212,63,0.227,49,0.176,50,0.18
b93d9fe2a844b416581d,141,37,0.262,38,0.27,23,0.163,28,0.199,15,0.106
df784e67883e018f88b8,79,14,0.177,22,0.278,16,0.203,17,0.215,10,0.127
9c2b85496091fd7f66d4,313,47,0.15,57,0.182,77,0.246,68,0.217,64,0.204
2842c82981077b78b3cd,460,110,0.239,76,0.165,85,0.185,87,0.189,102,0.222
6ab4994b59925a6d1bba,491,102,0.208,98,0.2,115,0.234,100,0.204,76,0.155
fc1c9dd58091c33d8888,389,76,0.195,68,0.175,79,0.203,82,0.211,84,0.216
01a691413dc5897db83f,543,121,0.223,132,0.243,92,0.169,98,0.18,100,0.184
374ff25490a1f0aba47f,201,40,0.199,44,0.219,50,0.249,33,0.164,34,0.169
424de2c5e2c1f5652cdc,203,36,0.177,34,0.167,32,0.158,52,0.256,49,0.241
5479f88afb95288d6392,109,25,0.229,26,0.239,18,0.165,21,0.193,19,0.174
ed94d52e091b68ca5ee5,207,41,0.198,36,0.174,44,0.213,46,0.222,40,0.193
db54f15d48fa56b0d953,127,22,0.173,24,0.189,22,0.173,29,0.228,30,0.236
6a62f52203bda35656be,365,77,0.211,70,0.192,72,0.197,77,0.211,69,0.189
0b02f701b1179f9f74f9,161,34,0.211,27,0.168,31,0.193,32,0.199,37,0.23
74e22a3421e605061ef1,270,44,0.163,56,0.207,48,0.178,66,0.244,56,0.207
de5213e7b8c88440a298,321,70,0.218,72,0.224,56,0.174,66,0.206,57,0.178
94a770d27cae58950a5b,119,26,0.218,21,0.176,24,0.202,28,0.235,20,0.168
5faa3d19e595ab735fda,188,43,0.229,39,0.207,37,0.197,39,0.207,30,0.16
cad61c88146ec4d99a6d,6,2,0.333,1,0.167,1,0.167,0,0.0,2,0.333
1d50eac067378042684b,246,57,0.232,53,0.215,47,0.191,45,0.183,44,0.179
c8d8f83d06b68fc2f944,172,28,0.163,43,0.25,41,0.238,31,0.18,29,0.169
72fbfd24cdff0454a0e2,165,31,0.188,39,0.236,30,0.182,36,0.218,29,0.176
768c216e172762b85899,204,46,0.225,41,0.201,40,0.196,37,0.181,40,0.196
306627b1ecbdf4e3aa34,160,24,0.15,37,0.231,42,0.262,21,0.131,36,0.225
0ef8b2c9e039eaace596,186,34,0.183,45,0.242,39,0.21,29,0.156,39,0.21
6b0cc09c9daf2966d1a7,318,68,0.214,61,0.192,58,0.182,64,0.201,67,0.211
b6b2f975de58052aae0c,253,62,0.245,58,0.229,49,0.194,45,0.178,39,0.154
071685b292483b04e836,82,18,0.22,19,0.232,15,0.183,15,0.183,15,0.183
2ea821273e01ec758583,184,31,0.168,40,0.217,45,0.245,38,0.207,30,0.163
552365f82674884bcaaa,73,14,0.192,11,0.151,18,0.247,16,0.219,14,0.192
cdbfb55b48cefce540dd,80,21,0.262,14,0.175,14,0.175,15,0.188,16,0.2
a867295d48d4b4134903,284,49,0.173,54,0.19,58,0.204,61,0.215,62,0.218
a9e1aff282e8d6356dce,121,26,0.215,22,0.182,18,0.149,27,0.223,28,0.231
0b16d35f1f39a063708a,400,81,0.202,79,0.198,89,0.222,76,0.19,75,0.188
a0973be15e5e7116f121,121,29,0.24,18,0.149,28,0.231,22,0.182,24,0.198
49a91a4dce6838ffcbcd,194,47,0.242,31,0.16,36,0.186,39,0.201,41,0.211
b5863cc5a1b448ca1cab,173,37,0.214,34,0.197,32,0.185,41,0.237,29,0.168
c7bb8ace7e79b91b3346,153,25,0.163,29,0.19,30,0.196,34,0.222,35,0.229
498121d2486259ef1b3a,234,43,0.184,48,0.205,53,0.226,49,0.209,41,0.175
3094825929f936abb792,204,40,0.196,39,0.191,41,0.201,41,0.201,43,0.211
897f6d3de550ebf68384,146,46,0.315,28,0.192,21,0.144,21,0.144,30,0.205
418f4730434eaced55a2,72,17,0.236,16,0.222,7,0.097,19,0.264,13,0.181
b7ef250772618a089b48,215,41,0.191,36,0.167,45,0.209,45,0.209,48,0.223
b37bdce835e610d26c0c,53,12,0.226,11,0.208,9,0.17,9,0.17,12,0.226
fef67841144f4c95a6c5,77,15,0.195,14,0.182,23,0.299,13,0.169,12,0.156
700915d303cc358e662a,139,25,0.18,24,0.173,38,0.273,28,0.201,24,0.173
ffe3886e3e3bab0249b5,176,27,0.153,33,0.188,42,0.239,40,0.227,34,0.193
emnk7ob7xxxdiph6fun3,152,32,0.211,25,0.164,35,0.23,31,0.204,29,0.191
78uyv6k6u49krocgtkzu,141,34,0.241,29,0.206,27,0.191,20,0.142,31,0.22
sie4alrjjjvlk0w9ye5l,158,31,0.196,30,0.19,28,0.177,35,0.222,34,0.215
95i3ttsko6c6ol53ebql,127,24,0.189,24,0.189,28,0.22,21,0.165,30,0.236
cz0pbk8vede7ey2oce4a,158,28,0.177,29,0.184,33,0.209,34,0.215,34,0.215
xvfa4ysm4deeobu8wkym,153,30,0.196,28,0.183,31,0.203,36,0.235,28,0.183
5slhcx7pnjhcmlbfffu6,142,23,0.162,18,0.127,31,0.218,42,0.296,28,0.197
5qfsd40k8fv54hc102p2,129,22,0.171,38,0.295,23,0.178,20,0.155,26,0.202
spyu1at0d9k1wxtenlhe,144,31,0.215,39,0.271,24,0.167,28,0.194,22,0.153
z23fh1v40p3hmxxspbo9,134,27,0.201,21,0.157,30,0.224,24,0.179,32,0.239
n20d6b4o2g64oaa3q8ym,152,31,0.204,25,0.164,31,0.204,29,0.191,36,0.237
yj708ceb2o5gueez45or,147,29,0.197,29,0.197,33,0.224,23,0.156,33,0.224
90z3slav21r61p88ksba,161,36,0.224,27,0.168,43,0.267,29,0.18,26,0.161
r28s9kyo7knrvytyvmt8,141,24,0.17,22,0.156,32,0.227,38,0.27,25,0.177
apxifjd35xfq6t47ysls,139,26,0.187,36,0.259,33,0.237,24,0.173,20,0.144
r4oklg89q3yx9o2dfq3q,125,22,0.176,28,0.224,27,0.216,24,0.192,24,0.192
4i0t5tq7o78lvc1zglgr,124,22,0.177,29,0.234,27,0.218,25,0.202,21,0.169
hz3im1vs42bx5rxbn7wh,145,28,0.193,34,0.234,29,0.2,32,0.221,22,0.152
icu31mfcha34dnwbsui2,119,24,0.202,29,0.244,25,0.21,13,0.109,28,0.235
1vb2vsoy23nr0monflhx,143,23,0.161,35,0.245,36,0.252,24,0.168,25,0.175
7iulsxm22wz4v82hgb2g,147,30,0.204,26,0.177,44,0.299,22,0.15,25,0.17
omzalmrzys0ymf4cgt03,164,32,0.195,36,0.22,32,0.195,31,0.189,33,0.201
nilkp0a54b01p87udccl,132,25,0.189,25,0.189,33,0.25,25,0.189,24,0.182
7ssihtyt72rzukfci0o1,136,33,0.243,26,0.191,28,0.206,22,0.162,27,0.199
ij9llitbhr4gi126l772,160,41,0.256,37,0.231,30,0.188,25,0.156,27,0.169
qxnna0of95m3oebjc84f,133,24,0.18,30,0.226,29,0.218,33,0.248,17,0.128
dt7s87imgsbma3l5scym,144,23,0.16,28,0.194,27,0.188,32,0.222,34,0.236
0m2kzubx9r60wyrsjj7j,150,31,0.207,25,0.167,29,0.193,34,0.227,31,0.207
wzfry2domlqnblox9w1b,135,28,0.207,28,0.207,20,0.148,33,0.244,26,0.193
otznu9tyqq50x0xij3br,139,29,0.209,31,0.223,20,0.144,37,0.266,22,0.158
wty9xgte39cr5rp39e50,160,30,0.188,26,0.162,31,0.194,36,0.225,37,0.231
5kqtdcvyt7rgqdoextw8,140,26,0.186,30,0.214,30,0.214,24,0.171,30,0.214
t5uf4x6hffga8in2ua6l,150,28,0.187,37,0.247,32,0.213,28,0.187,25,0.167
5dmn9cwdf4l1snqfjw1p,123,22,0.179,25,0.203,25,0.203,27,0.22,24,0.195
t8zrwu8iwkcdnwf3ruse,153,32,0.209,32,0.209,34,0.222,32,0.209,23,0.15
2b935bfe06ef02369807,92,19,0.207,18,0.196,16,0.174,19,0.207,20,0.217
71d0a8156e59c4dcedfd,65,15,0.231,9,0.138,18,0.277,12,0.185,11,0.169
6106e5232ac32bc22d1d,203,42,0.207,38,0.187,41,0.202,42,0.207,40,0.197
eb4493aa138e8edc3f6d,180,35,0.194,44,0.244,40,0.222,33,0.183,28,0.156
5d2379fb72082166dee3,135,27,0.2,20,0.148,23,0.17,31,0.23,34,0.252
2e40c1b07d32d3b80862,239,65,0.272,42,0.176,39,0.163,49,0.205,44,0.184
57f84519c468df122d69,118,21,0.178,18,0.153,28,0.237,32,0.271,19,0.161
64d65eddd629b80922f1,38,6,0.158,6,0.158,9,0.237,11,0.289,6,0.158
d311ac015e2e230935b2,100,19,0.19,20,0.2,17,0.17,20,0.2,24,0.24
33b73273ab8e1a11fcda,83,17,0.205,19,0.229,14,0.169,17,0.205,16,0.193
a1ed24a77c97b05064ef,124,18,0.145,29,0.234,28,0.226,22,0.177,27,0.218
f286ac7cd0663855cc5f,148,30,0.203,37,0.25,20,0.135,30,0.203,31,0.209
a3cd849a5a8d682e18db,117,28,0.239,23,0.197,23,0.197,23,0.197,20,0.171
e77eaaa90a75ea6167f4,151,27,0.179,30,0.199,35,0.232,24,0.159,35,0.232
faa31dca7ed1dd11fe44,437,94,0.215,90,0.206,89,0.204,78,0.178,86,0.197
00df647ee4bf7173642f,478,78,0.163,105,0.22,88,0.184,94,0.197,113,0.236
e0be3445997310f4d68e,324,66,0.204,61,0.188,62,0.191,69,0.213,66,0.204
cf73246d819a1ea78e14,150,29,0.193,34,0.227,30,0.2,25,0.167,32,0.213
b3e8039d33099e1d066c,96,22,0.229,19,0.198,15,0.156,18,0.188,22,0.229
b32b82ebae5971dd48df,167,34,0.204,34,0.204,27,0.162,34,0.204,38,0.228
9c39551b2cbe4f0c6d03,167,31,0.186,36,0.216,38,0.228,30,0.18,32,0.192
1ca19e51244cdd3f09ff,87,17,0.195,13,0.149,17,0.195,21,0.241,19,0.218
0eb6eec8b4bee8ab6a44,161,30,0.186,32,0.199,30,0.186,27,0.168,42,0.261
dc93d7d840a88e5efb17,186,47,0.253,31,0.167,34,0.183,44,0.237,30,0.161
c7d5a3256a9f99ba3e98,166,30,0.181,29,0.175,34,0.205,34,0.205,39,0.235
2b54ed4af8281eb82f58,179,49,0.274,26,0.145,39,0.218,32,0.179,33,0.184
c16e14d7aa5b4ef519e3,66,15,0.227,19,0.288,7,0.106,15,0.227,10,0.152
c53129098375fc7f17bc,349,66,0.189,60,0.172,84,0.241,59,0.169,80,0.229
953123cfe1c275e6d8a9,136,27,0.199,30,0.221,25,0.184,24,0.176,30,0.221
7b1d65c8c7637c14d9f2,121,33,0.273,24,0.198,12,0.099,28,0.231,24,0.198
855b21869c4fdbed8047,68,14,0.206,15,0.221,9,0.132,19,0.279,11,0.162
f63cab44b941c6ca80d6,222,55,0.248,46,0.207,39,0.176,40,0.18,42,0.189
4e4bb1f26e34ca0a13dc,146,33,0.226,31,0.212,26,0.178,25,0.171,31,0.212
7f58862bfed16feedfd6,86,14,0.163,17,0.198,20,0.233,19,0.221,16,0.186
a2b5174e55754addcd68,132,35,0.265,25,0.189,21,0.159,21,0.159,30,0.227
056ab41140f68c15db14,262,62,0.237,62,0.237,41,0.156,44,0.168,53,0.202
9369995cb6743cb69182,119,23,0.193,25,0.21,18,0.151,30,0.252,23,0.193
e5b30ace9334d153e076,222,48,0.216,49,0.221,26,0.117,50,0.225,49,0.221
367c27a001837dabb2e9,128,26,0.203,25,0.195,24,0.188,27,0.211,26,0.203
a3c8ab369e2e928ed523,58,19,0.328,9,0.155,7,0.121,12,0.207,11,0.19
06309f4c8785254f4c13,79,19,0.241,12,0.152,17,0.215,13,0.165,18,0.228
47b08a7751ab609be9e5,99,28,0.283,15,0.152,24,0.242,15,0.152,17,0.172
17f2d0e73044110cdea5,141,29,0.206,28,0.199,30,0.213,22,0.156,32,0.227
c200d8d792314a9d3575,181,34,0.188,28,0.155,35,0.193,42,0.232,42,0.232
84f116e542feb4ff69c0,124,27,0.218,18,0.145,27,0.218,27,0.218,25,0.202
mbbw64iibpv7ndj2iie1,140,37,0.264,21,0.15,28,0.2,24,0.171,30,0.214
hpty3h6eij2tr467ueks,122,15,0.123,30,0.246,26,0.213,28,0.23,23,0.189
ygc6nfsry40yon3nicac,145,30,0.207,34,0.234,25,0.172,28,0.193,28,0.193
th28zykgzvfex40v22hz,151,27,0.179,33,0.219,29,0.192,28,0.185,34,0.225
3dglsy7ee3ytfq1lpwlv,162,37,0.228,33,0.204,24,0.148,28,0.173,40,0.247
219jkfkejubvu4dvuv13,158,40,0.253,30,0.19,28,0.177,19,0.12,41,0.259
rgl39qjfatpnh3v4o28m,163,33,0.202,35,0.215,33,0.202,26,0.16,36,0.221
iqhpwbqkqi7kugzduhit,153,25,0.163,36,0.235,25,0.163,31,0.203,36,0.235
12s3yomv0kltozc1qxc4,158,27,0.171,39,0.247,37,0.234,28,0.177,27,0.171
qaubz3kt65qtoit8g4vi,147,36,0.245,25,0.17,23,0.156,34,0.231,29,0.197
0qamadarf6xhm9pm2jta,132,29,0.22,30,0.227,21,0.159,19,0.144,33,0.25
1eekhswi2ckx4uw0j1c9,147,28,0.19,27,0.184,30,0.204,35,0.238,27,0.184
80xvovy2zizaj5kr0va5,147,30,0.204,32,0.218,17,0.116,30,0.204,38,0.259
hva2hcwvh4mv0i4t59t6,128,19,0.148,23,0.18,31,0.242,32,0.25,23,0.18
x9xz7kb08kmf1tytnc1f,136,28,0.206,30,0.221,19,0.14,29,0.213,30,0.221
tezxtgugzffgu5fxr0cz,155,31,0.2,26,0.168,34,0.219,22,0.142,42,0.271
lvp2qmljigke8u0nfbvl,133,23,0.173,29,0.218,34,0.256,28,0.211,19,0.143
8bj43lrpbsn3smxxn3xn,119,25,0.21,18,0.151,33,0.277,23,0.193,20,0.168
19buea1jycypffshcw38,143,32,0.224,26,0.182,28,0.196,28,0.196,29,0.203
vcw0s2e0akak8rqunatk,142,29,0.204,26,0.183,25,0.176,33,0.232,29,0.204
dri4ey8he2jovloucu86,129,24,0.186,29,0.225,23,0.178,30,0.233,23,0.178
687ndz7mxhpv3gg91ie2,137,30,0.219,31,0.226,26,0.19,18,0.131,32,0.234
wmep7eexur6wwrlrz9sv,125,28,0.224,23,0.184,23,0.184,26,0.208,25,0.2
2ui63dibc4r8oo0p9agh,152,42,0.276,27,0.178,33,0.217,25,0.164,25,0.164
rufanlg0slv70u876a05,158,39,0.247,33,0.209,20,0.127,35,0.222,31,0.196
o6tn58jvkqobrz2qmf5i,146,19,0.13,33,0.226,34,0.233,35,0.24,25,0.171
iwjs5oi2pl8omkdrs53q,148,24,0.162,37,0.25,25,0.169,29,0.196,33,0.223
qrrck1nnty89cmohw40b,125,26,0.208,27,0.216,16,0.128,21,0.168,35,0.28
6569uz69or21mbcejw25,121,19,0.157,25,0.207,24,0.198,30,0.248,23,0.19
jjx780kahllbp5y3x7p8,153,20,0.131,30,0.196,44,0.288,35,0.229,24,0.157
h7i4kmpsra4szfbhrcbh,143,27,0.189,24,0.168,28,0.196,40,0.28,24,0.168
0z4mockl76xn8mhdaehw,149,28,0.188,28,0.188,38,0.255,30,0.201,25,0.168
bfl1bc2oafd8hrz2xswq,147,27,0.184,35,0.238,22,0.15,38,0.259,25,0.17
7eeq2weegodhsqj7bxc2,154,48,0.312,24,0.156,29,0.188,33,0.214,20,0.13
0i1e50rz4mkhee97xvpo,132,31,0.235,28,0.212,18,0.136,24,0.182,31,0.235
ac896071204b0ce26a1e,580,121,0.209,115,0.198,124,0.214,108,0.186,112,0.193
75a72c46b8271a57fba6,83,21,0.253,14,0.169,21,0.253,17,0.205,10,0.12
fda1eaffdfa7350e5d97,306,56,0.183,73,0.239,56,0.183,54,0.176,67,0.219
0e804947f4cdc2721046,142,27,0.19,25,0.176,31,0.218,25,0.176,34,0.239
f7c4a29d42220e1cea27,148,29,0.196,34,0.23,23,0.155,30,0.203,32,0.216
539911ee11c1b2aaeb88,165,32,0.194,33,0.2,31,0.188,33,0.2,36,0.218
94752e120f6bb6178ad5,129,19,0.147,32,0.248,34,0.264,24,0.186,20,0.155
13f8b8305f6c25c21921,511,93,0.182,105,0.205,96,0.188,119,0.233,98,0.192
0c81ca27b7d931b6ff6e,217,45,0.207,47,0.217,39,0.18,37,0.171,49,0.226
e2ee4818284ba527ef0a,95,16,0.168,17,0.179,21,0.221,19,0.2,22,0.232
76a2f2705490042bb8cb,91,17,0.187,16,0.176,30,0.33,17,0.187,11,0.121
87aa4503451b6a77b2b7,131,27,0.206,32,0.244,29,0.221,24,0.183,19,0.145
1552f58e2818ce7fa863,208,46,0.221,40,0.192,36,0.173,37,0.178,49,0.236
211ed39c57c6e6cdefbf,163,34,0.209,26,0.16,29,0.178,29,0.178,45,0.276
28bc8af257c48eac3bf1,95,12,0.126,21,0.221,28,0.295,11,0.116,23,0.242
2f3ef424b925a9881b81,144,27,0.188,34,0.236,25,0.174,31,0.215,27,0.188
8fe25991951e1f37568b,139,27,0.194,22,0.158,36,0.259,34,0.245,20,0.144
a959b7dd7f65365313a4,396,88,0.222,81,0.205,68,0.172,85,0.215,74,0.187
67456512891f96cc0fc3,99,24,0.242,13,0.131,16,0.162,23,0.232,23,0.232
83bf9b0424c17c9e13e7,88,20,0.227,19,0.216,13,0.148,15,0.17,21,0.239
01558eef77a8d39b7103,145,31,0.214,32,0.221,28,0.193,27,0.186,27,0.186
359f25d9131a0699405b,162,30,0.185,33,0.204,29,0.179,39,0.241,31,0.191
1d7229e0f5f825007870,107,23,0.215,25,0.234,24,0.224,14,0.131,21,0.196
b9d88af0a70c4ccb592e,76,18,0.237,17,0.224,15,0.197,15,0.197,11,0.145
d4d7a248a58363732f8e,157,27,0.172,35,0.223,36,0.229,34,0.217,25,0.159
5e29473eb1e80fde79a0,262,59,0.225,39,0.149,50,0.191,60,0.229,54,0.206
0b307ee95b41e222f204,167,32,0.192,32,0.192,30,0.18,33,0.198,40,0.24
1974349ec27d7d67bf08,255,53,0.208,45,0.176,53,0.208,45,0.176,59,0.231
35e028ec34bfdb7a6d26,157,37,0.236,33,0.21,32,0.204,24,0.153,31,0.197
d3fd2319c0f3aa00c371,108,24,0.222,22,0.204,20,0.185,25,0.231,17,0.157
5bdad002590327215ae0,87,17,0.195,23,0.264,14,0.161,21,0.241,12,0.138
919b6f74756bdb77edab,116,27,0.233,22,0.19,20,0.172,30,0.259,17,0.147
8596e232b0d863cd3130,104,13,0.125,22,0.212,17,0.163,24,0.231,28,0.269
17656005bd4086137ab7,151,23,0.152,34,0.225,27,0.179,33,0.219,34,0.225
d76c58732e315933a6cf,79,16,0.203,16,0.203,23,0.291,11,0.139,13,0.165
7c27b1482db039a6eee9,78,16,0.205,14,0.179,16,0.205,14,0.179,18,0.231
75e30b71e38030454877,187,38,0.203,48,0.257,37,0.198,31,0.166,33,0.176
eacb3353d7bc80cf3e7a,92,16,0.174,21,0.228,14,0.152,21,0.228,20,0.217
41126caf1874c098d357,135,35,0.259,20,0.148,26,0.193,25,0.185,29,0.215
69ae85efb03510241445,143,30,0.21,31,0.217,27,0.189,31,0.217,24,0.168
c5c5601b771f1b4491fa,100,17,0.17,22,0.22,21,0.21,25,0.25,15,0.15
c4ffbc0ba8c38e725fc8,78,16,0.205,17,0.218,16,0.205,16,0.205,13,0.167
55a47a152d359522e38d,214,46,0.215,40,0.187,44,0.206,42,0.196,42,0.196
7ffc1d4e5026fc5195ea,95,19,0.2,23,0.242,20,0.211,21,0.221,12,0.126
a05da04117e032cb4977,133,30,0.226,21,0.158,24,0.18,25,0.188,33,0.248
9be4ba08415daa1ee6fe,94,19,0.202,12,0.128,26,0.277,22,0.234,15,0.16
o6kw9thwvq6csdr9taal,164,30,0.183,38,0.232,24,0.146,33,0.201,39,0.238
owzdfs89mm4ci0382a3b,142,31,0.218,35,0.246,24,0.169,29,0.204,23,0.162
7n0vh1m7hm3g0v8ggv7v,147,28,0.19,32,0.218,22,0.15,32,0.218,33,0.224
32n93dfesjggabieb85t,151,28,0.185,44,0.291,24,0.159,34,0.225,21,0.139
k6jujv82n727fuwbxa6f,156,26,0.167,36,0.231,29,0.186,33,0.212,32,0.205
di7sclw5samggg4sxipv,151,23,0.152,40,0.265,42,0.278,20,0.132,26,0.172
m380dsj058viwn3ly6j1,142,29,0.204,33,0.232,22,0.155,22,0.155,36,0.254
tndsnutlm99ld8f4uya0,132,25,0.189,22,0.167,29,0.22,29,0.22,27,0.205
twa56vh9h75mwaqdma1y,143,33,0.231,23,0.161,25,0.175,32,0.224,30,0.21
l1rn095adguamaugi4ux,155,36,0.232,24,0.155,26,0.168,35,0.226,34,0.219
qkc2f9omqulfmn3j0m9p,132,23,0.174,29,0.22,30,0.227,29,0.22,21,0.159
k7fa3kdg6dq9avbiqv1f,152,30,0.197,26,0.171,35,0.23,32,0.211,29,0.191
wi36b9plgjc82atx6z7h,125,33,0.264,23,0.184,28,0.224,24,0.192,17,0.136
aai4o855shne2taonl8m,146,28,0.192,36,0.247,27,0.185,26,0.178,29,0.199
pxnnkthuxasggux3hyae,152,29,0.191,28,0.184,37,0.243,30,0.197,28,0.184
nq4jln5s1zqjk7nwbbeo,103,25,0.243,20,0.194,18,0.175,22,0.214,18,0.175
p8bk6cdfntr0humt6q45,129,31,0.24,30,0.233,23,0.178,22,0.171,23,0.178
4nun1ah7qw10q705a2aq,141,23,0.163,30,0.213,31,0.22,28,0.199,29,0.206
9npnusbksscam12fc4ut,141,29,0.206,28,0.199,26,0.184,32,0.227,26,0.184
hu267zw9zywa4ew3d5bw,170,30,0.176,33,0.194,40,0.235,34,0.2,33,0.194
zhx5rxgopln1p5hd10ql,138,31,0.225,36,0.261,28,0.203,20,0.145,23,0.167
pammg9gw4enjosw3z60e,136,25,0.184,20,0.147,27,0.199,32,0.235,32,0.235
r9m46ndmmmzeeehft96z,141,29,0.206,25,0.177,18,0.128,41,0.291,28,0.199
i39gdpglcxstun30b4yw,135,31,0.23,25,0.185,28,0.207,16,0.119,35,0.259
whzjoeh34i7o86p37u99,143,32,0.224,33,0.231,22,0.154,35,0.245,21,0.147
3lbe8ny12qw7qwcyihpn,130,20,0.154,26,0.2,35,0.269,21,0.162,28,0.215
exaiz0y0uvpeg498cg4j,142,27,0.19,26,0.183,31,0.218,31,0.218,27,0.19
d9qmlhyp13mf5nto4qih,154,36,0.234,33,0.214,22,0.143,48,0.312,15,0.097
b6nwoi7doh1m1yzbkxup,143,35,0.245,31,0.217,20,0.14,36,0.252,21,0.147
d4xny47ows87zd7viwj5,160,33,0.206,33,0.206,34,0.212,33,0.206,27,0.169
zoo8a9uj8a0dplifqzdp,151,29,0.192,30,0.199,31,0.205,28,0.185,33,0.219
k6kv9y9tqfll5d282ymb,143,23,0.161,32,0.224,27,0.189,33,0.231,28,0.196
xf5q0ixkpbxl3w7k16qo,133,28,0.211,26,0.195,27,0.203,28,0.211,24,0.18
slmfpw1fyabrtys8ufg9,125,22,0.176,27,0.216,31,0.248,26,0.208,19,0.152
9dbg3fyz4qnj7x9qug6x,152,29,0.191,39,0.257,31,0.204,33,0.217,20,0.132
6ae7d356ba998218af82,79,13,0.165,17,0.215,12,0.152,9,0.114,28,0.354
2c6339f7c23a64d02081,125,26,0.208,18,0.144,32,0.256,26,0.208,23,0.184
79fdbcf16db75f75383a,155,34,0.219,26,0.168,26,0.168,24,0.155,45,0.29
50fec4ca4283ad18c000,150,26,0.173,26,0.173,28,0.187,32,0.213,38,0.253
077d5c82c9ee5019220f,138,28,0.203,26,0.188,32,0.232,23,0.167,29,0.21
41f718ae2aed1d6c2573,116,20,0.172,16,0.138,22,0.19,32,0.276,26,0.224
222d5ee50487a2b8601b,146,39,0.267,25,0.171,22,0.151,31,0.212,29,0.199
0088dc183f73c83f763e,215,41,0.191,45,0.209,46,0.214,37,0.172,46,0.214
f9d95830556934ae9a01,241,58,0.241,52,0.216,41,0.17,53,0.22,37,0.154
06aff3e28c5db152f506,139,30,0.216,24,0.173,20,0.144,34,0.245,31,0.223
3555053023c67d592439,105,15,0.143,25,0.238,18,0.171,26,0.248,21,0.2
f25a777dbbda3d4314d7,146,34,0.233,25,0.171,20,0.137,37,0.253,30,0.205
41e9ff991a4a21f423a8,157,32,0.204,31,0.197,24,0.153,32,0.204,38,0.242
6002b9ec0f4ad0b281cf,152,25,0.164,41,0.27,31,0.204,31,0.204,24,0.158
0b8bea274b24847526b7,102,35,0.343,19,0.186,14,0.137,16,0.157,18,0.176
f7a14eb1e15ceeea955c,166,37,0.223,35,0.211,33,0.199,30,0.181,31,0.187
68c45e933c2dc939e7c9,215,43,0.2,47,0.219,40,0.186,38,0.177,47,0.219
a5966200ae4d58200438,144,25,0.174,32,0.222,26,0.181,35,0.243,26,0.181
6e8118d5ad3c7093b869,184,34,0.185,34,0.185,38,0.207,29,0.158,49,0.266
2f3c37735e817244e646,104,20,0.192,21,0.202,24,0.231,20,0.192,19,0.183
95889f5d20e344714084,210,43,0.205,35,0.167,38,0.181,50,0.238,44,0.21
1329b6cf41debecda787,107,27,0.252,18,0.168,13,0.121,27,0.252,22,0.206
cb2fbb322cc30a8b8fef,186,33,0.177,41,0.22,34,0.183,39,0.21,39,0.21
daf693769d8638a22ee9,128,30,0.234,22,0.172,34,0.266,21,0.164,21,0.164
da2199a7da15995db5ff,119,19,0.16,18,0.151,26,0.218,30,0.252,26,0.218
460fa4961434cf281423,174,30,0.172,30,0.172,35,0.201,39,0.224,40,0.23
18654732ca312afc173f,232,41,0.177,56,0.241,46,0.198,51,0.22,38,0.164
7c3fa9ed66d940d49692,252,45,0.179,61,0.242,43,0.171,40,0.159,63,0.25
6486c0664d217470d126,86,17,0.198,18,0.209,23,0.267,17,0.198,11,0.128
af8dedf6ecb4605a09fa,307,50,0.163,62,0.202,70,0.228,60,0.195,65,0.212
d2e033f11edce44fea3d,96,17,0.177,17,0.177,24,0.25,15,0.156,23,0.24
c955c51bfd07134bc831,126,31,0.246,26,0.206,21,0.167,20,0.159,28,0.222
906ffe092972df38360a,101,21,0.208,24,0.238,14,0.139,24,0.238,18,0.178
e6c8ce7f4d7b0b4ca4a6,179,31,0.173,30,0.168,41,0.229,32,0.179,45,0.251
5a8cce5abee961fc77f3,122,19,0.156,28,0.23,21,0.172,25,0.205,29,0.238
0c670262b3941d307600,145,36,0.248,28,0.193,29,0.2,32,0.221,20,0.138
7d882daa0b4d418d1d0c,149,32,0.215,24,0.161,26,0.174,34,0.228,33,0.221
d33a15d480f68c6ec82f,152,26,0.171,36,0.237,29,0.191,31,0.204,30,0.197
db2418c575c0a4f7239d,163,29,0.178,38,0.233,36,0.221,35,0.215,25,0.153
8f98bfcea1b9f0dba97e,115,23,0.2,26,0.226,25,0.217,24,0.209,17,0.148
5d580a610c7f8114eb5c,89,11,0.124,17,0.191,28,0.315,22,0.247,11,0.124
5c33bb784bb99763ed74,136,27,0.199,29,0.213,22,0.162,23,0.169,35,0.257
058c03d945c4ae0978a0,87,19,0.218,18,0.207,18,0.207,15,0.172,17,0.195
bfc3a5cb3b9c29f08176,329,73,0.222,72,0.219,61,0.185,54,0.164,69,0.21
a4bfb84ab74e59389e7a,321,75,0.234,70,0.218,69,0.215,50,0.156,57,0.178
152a0c17daaaa4e65e14,165,40,0.242,24,0.145,38,0.23,34,0.206,29,0.176
ee1ef9674f9e0bfca48b,65,18,0.277,18,0.277,8,0.123,12,0.185,9,0.138
977ece9de941d85308ac,218,48,0.22,51,0.234,38,0.174,43,0.197,38,0.174
15ab118362ecbbd03b52,117,22,0.188,28,0.239,19,0.162,29,0.248,19,0.162
f47eab262dd5809d4d60,124,21,0.169,27,0.218,21,0.169,37,0.298,18,0.145
5fbaf8a0f524358778bb,164,26,0.159,33,0.201,36,0.22,36,0.22,33,0.201
3267b84814316e2fa25e,166,32,0.193,29,0.175,40,0.241,38,0.229,27,0.163
f82461b84c9c48a36613,170,36,0.212,37,0.218,38,0.224,34,0.2,25,0.147
981cf48df067d975675b,204,39,0.191,39,0.191,42,0.206,48,0.235,36,0.176
bd099a9fd29545e3766a,98,15,0.153,21,0.214,27,0.276,12,0.122,23,0.235
9d030ebc092b353b9906,120,17,0.142,27,0.225,22,0.183,32,0.267,22,0.183
37905cfdcd105683aaf4,144,23,0.16,35,0.243,26,0.181,23,0.16,37,0.257
xy7cro773yqyoblucwkp,134,36,0.269,28,0.209,25,0.187,31,0.231,14,0.104
3qvqfnzdg358mord1cku,131,33,0.252,26,0.198,19,0.145,26,0.198,27,0.206
awxiqzybhp95e08qx1h5,121,23,0.19,32,0.264,23,0.19,26,0.215,17,0.14
dgoapkg9vpnafks22kx4,149,30,0.201,28,0.188,31,0.208,34,0.228,26,0.174
2jvnsh0veb6qnn3uv6i8,146,26,0.178,27,0.185,32,0.219,33,0.226,28,0.192
553l2g7kpifbvn82knxk,145,29,0.2,32,0.221,33,0.228,25,0.172,26,0.179
58n0dsxyyqnriomw67id,149,40,0.268,36,0.242,22,0.148,27,0.181,24,0.161
x8hldszj3z40bgxl4mci,168,35,0.208,31,0.185,32,0.19,35,0.208,35,0.208
putb7ja6dwpdag4bwvnj,149,35,0.235,29,0.195,34,0.228,33,0.221,18,0.121
3m4gx52iq3mwqdycm8mm,160,32,0.2,37,0.231,30,0.188,26,0.162,35,0.219
2zfdinkl7qrn0o62tlp4,132,23,0.174,28,0.212,23,0.174,32,0.242,26,0.197
rd32gyblqsfn03xatnmt,178,36,0.202,35,0.197,34,0.191,42,0.236,31,0.174
n8pe3tt7qmlgojwhhsj0,114,28,0.246,22,0.193,23,0.202,22,0.193,19,0.167
p6cp3ogj6xy2riczfupv,140,36,0.257,26,0.186,19,0.136,29,0.207,30,0.214
si6ymh6w7xbo2f40o0p8,144,26,0.181,20,0.139,28,0.194,33,0.229,37,0.257
9trgand057juzal1kecf,147,33,0.224,32,0.218,24,0.163,27,0.184,31,0.211
4acutl013itvh9va99p7,129,26,0.202,26,0.202,24,0.186,28,0.217,25,0.194
62olkigg7ntlaf6fzytl,149,36,0.242,29,0.195,26,0.174,32,0.215,26,0.174
zyfp520tbnq5p2pvrkin,145,28,0.193,26,0.179,23,0.159,33,0.228,35,0.241
yyz9rmyzzdp52h0glddp,152,39,0.257,27,0.178,30,0.197,31,0.204,25,0.164
2uxkhe454qk8jvk0ufvp,130,26,0.2,23,0.177,28,0.215,27,0.208,26,0.2
pkjom9yr5m9690fg6wsi,127,26,0.205,38,0.299,16,0.126,20,0.157,27,0.213
shtnl1wh1mconb8od5ko,139,30,0.216,18,0.129,39,0.281,24,0.173,28,0.201
ugaiak78ggmnku4yndlt,133,24,0.18,24,0.18,27,0.203,31,0.233,27,0.203
5mrih4nj5agvu67vao4m,133,39,0.293,25,0.188,27,0.203,23,0.173,19,0.143
66f99grd556eyxjqk7pz,158,31,0.196,27,0.171,33,0.209,31,0.196,36,0.228
vrdxefyyyx3tkticfqnv,151,32,0.212,22,0.146,35,0.232,37,0.245,25,0.166
ik7o5ykfnku0qp74sy1i,134,30,0.224,27,0.201,29,0.216,23,0.172,25,0.187
99dj4o3b2f6m4jemke7d,170,32,0.188,38,0.224,37,0.218,31,0.182,32,0.188
6tq9irjllweqmqe4u7sf,114,22,0.193,26,0.228,19,0.167,19,0.167,28,0.246
je7kqkmpwkosa7nkgfpx,140,29,0.207,28,0.2,31,0.221,26,0.186,26,0.186
3cic5ziycjx4ik4ll0v1,148,34,0.23,34,0.23,27,0.182,27,0.182,26,0.176
ef04ejvyvmh5votejbif,151,26,0.172,31,0.205,31,0.205,31,0.205,32,0.212
dfnvtf7qbi2955rjeaqx,152,32,0.211,28,0.184,31,0.204,33,0.217,28,0.184
bwvpzqnhh752noqjqj8d,138,27,0.196,33,0.239,22,0.159,32,0.232,24,0.174
4c90f16c0fcd85d3de25,384,77,0.201,81,0.211,78,0.203,74,0.193,74,0.193
2b9ef4e3749f713870b0,198,48,0.242,40,0.202,46,0.232,35,0.177,29,0.146
b8290aea71e7a5421a02,43,13,0.302,4,0.093,9,0.209,9,0.209,8,0.186
5f55600069b483f999f5,293,62,0.212,67,0.229,56,0.191,62,0.212,46,0.157
170a695a2717bcd9b74b,272,52,0.191,58,0.213,59,0.217,47,0.173,56,0.206
a0a1991396f865c9e3dc,467,97,0.208,91,0.195,81,0.173,96,0.206,102,0.218
3fee5c27236cbb682727,119,25,0.21,21,0.176,26,0.218,22,0.185,25,0.21
701a989d65a59c18845b,154,26,0.169,32,0.208,34,0.221,26,0.169,36,0.234
3672e2896ad7d8f2404e,106,26,0.245,23,0.217,21,0.198,18,0.17,18,0.17
52f1bca9ac9c792e4457,151,35,0.232,29,0.192,31,0.205,29,0.192,27,0.179
75097aa30e9373a612c7,196,43,0.219,40,0.204,37,0.189,36,0.184,40,0.204
72b4334deffff31dea8b,161,27,0.168,42,0.261,30,0.186,32,0.199,30,0.186
84e8300978b600b5f0ba,158,29,0.184,46,0.291,23,0.146,31,0.196,29,0.184
2ccfa5f79c8b61e465d4,317,64,0.202,46,0.145,59,0.186,76,0.24,72,0.227
63aded37545ab92d41d4,228,39,0.171,41,0.18,39,0.171,53,0.232,56,0.246
e851f82a650692f8e591,211,39,0.185,35,0.166,46,0.218,50,0.237,41,0.194
c352158bed343ccff8e5,173,31,0.179,47,0.272,32,0.185,31,0.179,32,0.185
e3ce61b92eeae0a33633,86,22,0.256,15,0.174,16,0.186,18,0.209,15,0.174
166cb02ac436c9d3662f,475,100,0.211,86,0.181,103,0.217,92,0.194,94,0.198
749fec50db4020e9bfcc,123,25,0.203,25,0.203,23,0.187,26,0.211,24,0.195
7ab9a2516b2dba99c36c,70,17,0.243,12,0.171,16,0.229,15,0.214,10,0.143
19fb3075dd2798538c9d,76,19,0.25,21,0.276,11,0.145,10,0.132,15,0.197
36ebf305b7206112f676,179,42,0.235,31,0.173,38,0.212,32,0.179,36,0.201
1397545fbe9882e5cd42,207,36,0.174,44,0.213,40,0.193,45,0.217,42,0.203
9e4c54a008ee874fc270,151,28,0.185,28,0.185,36,0.238,31,0.205,28,0.185
a8846b79555746e4f9df,66,19,0.288,12,0.182,12,0.182,8,0.121,15,0.227
1629f353a742f6a73251,119,27,0.227,27,0.227,21,0.176,25,0.21,19,0.16
1202c731c612353ceef0,299,55,0.184,54,0.181,62,0.207,73,0.244,55,0.184
0e062d9fa22dc8e3bca2,123,30,0.244,21,0.171,22,0.179,19,0.154,31,0.252
918236b530adbe510201,201,36,0.179,38,0.189,44,0.219,39,0.194,44,0.219
0f8bd9e33125347965a1,184,39,0.212,35,0.19,45,0.245,35,0.19,30,0.163
2c3b89432513b2035664,84,18,0.214,18,0.214,17,0.202,17,0.202,14,0.167
d94c5dba40d9fcbfb8d9,154,30,0.195,42,0.273,25,0.162,23,0.149,34,0.221
7380885aaba482170588,110,29,0.264,18,0.164,22,0.2,17,0.155,24,0.218
6d35a9a33338a84dd077,226,39,0.173,34,0.15,49,0.217,51,0.226,53,0.235
011d454f199c123d44ad,204,31,0.152,31,0.152,44,0.216,54,0.265,44,0.216
9e7bdc44129bf5acc196,244,46,0.189,50,0.205,47,0.193,63,0.258,38,0.156
93c2f240de504736b8d0,121,26,0.215,22,0.182,26,0.215,24,0.198,23,0.19
0f160cd19890b97092b9,119,24,0.202,21,0.176,26,0.218,33,0.277,15,0.126
432fd26823e230070734,291,57,0.196,63,0.216,59,0.203,63,0.216,49,0.168
f4e46ba446c56e56259b,161,30,0.186,29,0.18,26,0.161,38,0.236,38,0.236
8fb30cb5c7ad360c995f,382,92,0.241,70,0.183,72,0.188,76,0.199,72,0.188
cb8c2285066597e012c6,125,24,0.192,27,0.216,22,0.176,23,0.184,29,0.232
a55511198784610bf30b,148,34,0.23,38,0.257,29,0.196,27,0.182,20,0.135
c5b9961e65ffa73d971e,227,50,0.22,45,0.198,43,0.189,43,0.189,46,0.203
5b5ef66e547d63806a56,320,54,0.169,74,0.231,63,0.197,62,0.194,67,0.209
bafdbc62a48daf6840c9,175,39,0.223,33,0.189,38,0.217,28,0.16,37,0.211
d3ba1fe030801d700cb6,154,25,0.162,28,0.182,36,0.234,28,0.182,37,0.24
3f55d44d7572d52b2987,94,22,0.234,27,0.287,9,0.096,15,0.16,21,0.223
d27565678ffa4a9bfa85,115,24,0.209,25,0.217,16,0.139,26,0.226,24,0.209
efb9fe363bdeb9f48d69,102,18,0.176,25,0.245,17,0.167,21,0.206,21,0.206
28719a42e0cbf4991b7f,177,30,0.169,42,0.237,36,0.203,43,0.243,26,0.147
62156eada978f707f5d2,100,25,0.25,18,0.18,16,0.16,18,0.18,23,0.23
46a7a18ca160c829a15f,306,71,0.232,50,0.163,56,0.183,60,0.196,69,0.225
57c33a6126c456c5ada8,131,27,0.206,30,0.229,28,0.214,18,0.137,28,0.214
951eea03695f436017d3,89,20,0.225,20,0.225,15,0.169,15,0.169,19,0.213
098b2c66cbc1ed736e14,136,26,0.191,25,0.184,29,0.213,26,0.191,30,0.221
33ddb1517601db520cd6,131,27,0.206,28,0.214,26,0.198,27,0.206,23,0.176
446d2ad0ca2908ffa4f9,62,9,0.145,14,0.226,14,0.226,11,0.177,14,0.226
ae2e4cb7985c4ac71795,117,26,0.222,23,0.197,19,0.162,24,0.205,25,0.214
1b0baf552d2cd47ee10b,58,7,0.121,17,0.293,9,0.155,15,0.259,10,0.172
e86f896d71d48d87464d,61,14,0.23,11,0.18,10,0.164,12,0.197,14,0.23
62a877b83219f7974fd0,53,7,0.132,9,0.17,14,0.264,14,0.264,9,0.17
7a600fb7e3750998e7ae,105,23,0.219,23,0.219,17,0.162,26,0.248,16,0.152
c9c9f0b7606030f2aade,38,9,0.237,9,0.237,7,0.184,8,0.211,5,0.132
52f4899e918b57df28da,91,20,0.22,18,0.198,20,0.22,15,0.165,18,0.198
d235a2c32940b970ab7c,50,14,0.28,7,0.14,7,0.14,12,0.24,10,0.2
8242b99ad9d6609fd19c,72,13,0.181,16,0.222,14,0.194,11,0.153,18,0.25
8d93485dc6a4b2a9f03f,86,13,0.151,9,0.105,26,0.302,20,0.233,18,0.209
a108f1103f798c85d061,44,9,0.205,8,0.182,11,0.25,9,0.205,7,0.159
52d965ebf3ec0518bc0f,90,24,0.267,15,0.167,15,0.167,17,0.189,19,0.211
23dd64a1d2e4965198bf,103,19,0.184,16,0.155,25,0.243,23,0.223,20,0.194
f9ef2830cd485d038b53,31,7,0.226,4,0.129,8,0.258,5,0.161,7,0.226
e3b920878572dbcf8c9e,38,6,0.158,9,0.237,7,0.184,9,0.237,7,0.184
93iq4xjhvlc8072fsfet,138,29,0.21,30,0.217,25,0.181,32,0.232,22,0.159
nl4vt11ikn4we06zu0zj,150,32,0.213,26,0.173,29,0.193,36,0.24,27,0.18
cnqyqc90n3ixrlc3mri7,126,27,0.214,25,0.198,20,0.159,27,0.214,27,0.214
yb4sqfrwu788fa6y4zeb,129,19,0.147,29,0.225,36,0.279,24,0.186,21,0.163
kpw433bcv21ksp1wgrux,142,38,0.268,26,0.183,26,0.183,32,0.225,20,0.141
wxgj9kdmdrmullrthnso,149,24,0.161,35,0.235,33,0.221,31,0.208,26,0.174
bvz9hmtzknu45wvb0yaw,139,26,0.187,23,0.165,28,0.201,33,0.237,29,0.209
1kvfwfp2hr5hjxjxzjqd,143,30,0.21,25,0.175,25,0.175,38,0.266,25,0.175
m3y8jkkgflwqwcelrwzz,135,24,0.178,24,0.178,23,0.17,32,0.237,32,0.237
fov3pbwdqzvhgcjp7o9f,161,31,0.193,36,0.224,36,0.224,36,0.224,22,0.137
3iz4t53ooerb6sruxf3n,140,29,0.207,34,0.243,22,0.157,29,0.207,26,0.186
8ajv97zyciosc57q0cng,158,38,0.241,31,0.196,29,0.184,32,0.203,28,0.177
i8gdglua8vbd4ul9x09f,150,33,0.22,25,0.167,31,0.207,33,0.22,28,0.187
qd5cqu3du8n28xxtkftw,163,37,0.227,33,0.202,38,0.233,32,0.196,23,0.141
fvlb9xi66oze7eo3yhdh,158,34,0.215,32,0.203,29,0.184,39,0.247,24,0.152
4fl8e5s0nf65bm2m34f0,139,32,0.23,24,0.173,21,0.151,34,0.245,28,0.201
4glo109mkgy7azntyttp,132,35,0.265,29,0.22,18,0.136,21,0.159,29,0.22
cunf3y04zq0f90dgy36j,150,28,0.187,33,0.22,26,0.173,31,0.207,32,0.213
wbdvbdebq64ujpi9u7mn,135,29,0.215,21,0.156,34,0.252,23,0.17,28,0.207
0gfiioqi5g8djhh1wzol,148,35,0.236,33,0.223,23,0.155,29,0.196,28,0.189
fb735wd248crm37cgmgw,126,19,0.151,23,0.183,24,0.19,33,0.262,27,0.214
zon2ut7eqwqd7i86etaw,138,26,0.188,23,0.167,30,0.217,37,0.268,22,0.159
1hrtipd0awjpggdje5e2,148,36,0.243,27,0.182,25,0.169,34,0.23,26,0.176
hcm6w0jxnfqhkpm745cu,153,34,0.222,25,0.163,30,0.196,43,0.281,21,0.137
z0ti2nr5nh9fpad7wntt,129,21,0.163,24,0.186,22,0.171,37,0.287,25,0.194
44x159fl0pw2uucriuga,147,27,0.184,27,0.184,35,0.238,31,0.211,27,0.184
7c2qxvccum7f93e8ohgt,149,42,0.282,37,0.248,22,0.148,25,0.168,23,0.154
d6qgzp196pwnzk7agyn6,165,46,0.279,38,0.23,31,0.188,20,0.121,30,0.182
alj4azvv1eqg1cyr3ae3,133,34,0.256,28,0.211,27,0.203,22,0.165,22,0.165
vqz1prz6hwnqepxsieip,135,32,0.237,29,0.215,23,0.17,29,0.215,22,0.163
4xh67ezjc331pg9q3kfv,151,29,0.192,28,0.185,27,0.179,30,0.199,37,0.245
t8a5fgt3wo8w18amulu3,111,26,0.234,24,0.216,20,0.18,17,0.153,24,0.216
7r0ywonplo8up7m35eav,126,19,0.151,32,0.254,25,0.198,24,0.19,26,0.206
no0afrue2n6m8hcnuek1,173,35,0.202,37,0.214,28,0.162,45,0.26,28,0.162
ymb5gxf0fi27kpj2f101,131,29,0.221,24,0.183,20,0.153,27,0.206,31,0.237
d93519b044de1fa037b0,51,6,0.118,11,0.216,9,0.176,11,0.216,14,0.275
afc99b4940e933922aca,176,38,0.216,33,0.188,44,0.25,38,0.216,23,0.131
c5d83404b165578ef794,102,19,0.186,21,0.206,18,0.176,19,0.186,25,0.245
dcd0562f8fb44933cb08,84,22,0.262,16,0.19,16,0.19,13,0.155,17,0.202
7694d71417c2f5202940,177,34,0.192,44,0.249,37,0.209,26,0.147,36,0.203
3ba42ec5350aacb0750a,374,84,0.225,82,0.219,62,0.166,74,0.198,72,0.193
e9b6fa8a87469779d732,251,53,0.211,48,0.191,48,0.191,43,0.171,59,0.235
cafe5989da5dfed9f404,405,86,0.212,80,0.198,79,0.195,87,0.215,73,0.18
d52b119f8da2a1812722,165,34,0.206,31,0.188,30,0.182,38,0.23,32,0.194
11dae4659d30031a10dd,188,38,0.202,35,0.186,44,0.234,39,0.207,32,0.17
ec4897070f2d3b6eab89,116,28,0.241,17,0.147,19,0.164,23,0.198,29,0.25
a3a0e2129e405aef3d87,80,23,0.288,16,0.2,10,0.125,12,0.15,19,0.238
a06fdb8743c4d4ef09fe,109,20,0.183,21,0.193,20,0.183,20,0.183,28,0.257
3ff069e95a9047dbfa8b,243,47,0.193,48,0.198,51,0.21,44,0.181,53,0.218
016226278e6a69e10aa4,253,46,0.182,53,0.209,48,0.19,58,0.229,48,0.19
7c1d8516e6c2ab2d3030,85,18,0.212,11,0.129,16,0.188,24,0.282,16,0.188
453d43b3f6bdf467e672,271,58,0.214,56,0.207,44,0.162,65,0.24,48,0.177
6fe309a58b787e7010eb,281,47,0.167,58,0.206,66,0.235,43,0.153,67,0.238
d8ed5a1897987ffdeaed,126,31,0.246,31,0.246,19,0.151,25,0.198,20,0.159
99a53846658ba3341de6,120,23,0.192,21,0.175,33,0.275,24,0.2,19,0.158
3919286d3d8c4f4d339c,202,36,0.178,37,0.183,41,0.203,38,0.188,50,0.248
4a6e1cf1e4e9d8f54717,60,12,0.2,11,0.183,9,0.15,15,0.25,13,0.217
0fc996fff93c00ca5ced,514,105,0.204,114,0.222,102,0.198,99,0.193,94,0.183
aa83cf5fc68c1dcb5038,173,25,0.145,40,0.231,37,0.214,39,0.225,32,0.185
c9c946fe211251af32d1,188,39,0.207,39,0.207,41,0.218,38,0.202,31,0.165
bb3328d3b1eecb5e1a8a,454,91,0.2,79,0.174,93,0.205,98,0.216,93,0.205
5f7b406b2bbf9789735f,108,25,0.231,29,0.269,25,0.231,11,0.102,18,0.167
61de1e21015e07aacbe8,445,86,0.193,92,0.207,87,0.196,108,0.243,72,0.162
5m6lgwi0mkqs8ilg3qqs,96,14,0.146,22,0.229,18,0.188,18,0.188,24,0.25
d1e44a91dd4f37c03d43,134,25,0.187,30,0.224,25,0.187,37,0.276,17,0.127
7bb37669654dedc7e397,142,29,0.204,33,0.232,29,0.204,28,0.197,23,0.162
061db2c91f94c612f2d4,64,11,0.172,12,0.188,12,0.188,16,0.25,13,0.203
76fe2c19fa84d58b584b,248,44,0.177,52,0.21,57,0.23,47,0.19,48,0.194
f36a755a3fa5db5c0743,156,44,0.282,33,0.212,24,0.154,31,0.199,24,0.154
cf7f9c2c6872be9bf2d6,213,48,0.225,39,0.183,48,0.225,37,0.174,41,0.192
b8162292f2171005c2ba,316,66,0.209,60,0.19,52,0.165,71,0.225,67,0.212
a8350dcececa0b02dd14,191,32,0.168,41,0.215,38,0.199,42,0.22,38,0.199
c99e6802625540e4d1e2,90,17,0.189,18,0.2,15,0.167,19,0.211,21,0.233
cade7d478dac7020a79b,147,30,0.204,27,0.184,33,0.224,26,0.177,31,0.211
20f97b68982d1b2f5c73,287,60,0.209,72,0.251,49,0.171,43,0.15,63,0.22
6d22912e7e93a96a8690,55,8,0.145,13,0.236,11,0.2,13,0.236,10,0.182
db0bcf208cbed26d0bfe,51,12,0.235,11,0.216,6,0.118,10,0.196,12,0.235
90f3fbedfce50f644011,513,101,0.197,101,0.197,102,0.199,110,0.214,99,0.193
728a4a393899c37a5429,72,13,0.181,10,0.139,22,0.306,11,0.153,16,0.222
e3d0782396c346359a8f,116,24,0.207,26,0.224,31,0.267,17,0.147,18,0.155
9d02a160cd171c5f4c18,156,33,0.212,32,0.205,24,0.154,44,0.282,23,0.147
9952cc289c9f690621ec,85,19,0.224,16,0.188,12,0.141,20,0.235,18,0.212
0c57caf5358d30408034,186,38,0.204,39,0.21,45,0.242,29,0.156,35,0.188
93f451c36b535d39003d,62,13,0.21,20,0.323,5,0.081,13,0.21,11,0.177
ac4d829c715fb0c36ad5,47,9,0.191,11,0.234,8,0.17,9,0.191,10,0.213
0d4a3518a188f6888380,55,14,0.255,10,0.182,14,0.255,9,0.164,8,0.145
fqcud1c5mt7pdp9w0v6y,120,22,0.183,26,0.217,19,0.158,27,0.225,26,0.217
rq44ojyrvdtad0tzsm32,172,31,0.18,33,0.192,36,0.209,37,0.215,35,0.203
h6miro3m8713s3dxuipr,136,31,0.228,26,0.191,25,0.184,40,0.294,14,0.103
lexte4gc3dvjb7ty0qf5,141,29,0.206,24,0.17,34,0.241,27,0.191,27,0.191
6dx4zt62b8m37krb5l3n,159,22,0.138,36,0.226,31,0.195,36,0.226,34,0.214
oi7j42phxrp4mc1n9h4b,124,21,0.169,25,0.202,30,0.242,26,0.21,22,0.177
i5hexmb5zlzhd8lvwdv3,123,25,0.203,35,0.285,27,0.22,20,0.163,16,0.13
cp4d94b2v0ws6am7mvuw,123,27,0.22,30,0.244,16,0.13,29,0.236,21,0.171
6cxj0lsinp9d7215gtpe,166,31,0.187,29,0.175,39,0.235,36,0.217,31,0.187
t7x7ydt3u1cd2svfvk4q,133,24,0.18,22,0.165,31,0.233,32,0.241,24,0.18
6iag08nt7se7f2hkgzx4,142,26,0.183,28,0.197,22,0.155,36,0.254,30,0.211
d3tt41de5iashfjr1txr,124,23,0.185,20,0.161,31,0.25,28,0.226,22,0.177
uk8sadmdmw8p7e22l2yr,170,37,0.218,43,0.253,32,0.188,37,0.218,21,0.124
svxexhg20hs3bbqd4fm7,144,18,0.125,30,0.208,29,0.201,39,0.271,28,0.194
3p34idi1traz2k8j0ulk,150,31,0.207,29,0.193,30,0.2,34,0.227,26,0.173
t9a891e0764br5ujna1a,152,26,0.171,29,0.191,34,0.224,35,0.23,28,0.184
zeuj820acn6zhcbx617v,155,25,0.161,38,0.245,29,0.187,26,0.168,37,0.239
i1fr7kd71b2ni39kn958,136,31,0.228,30,0.221,24,0.176,31,0.228,20,0.147
tvsgkf4oqh769h40lj43,159,30,0.189,36,0.226,30,0.189,37,0.233,26,0.164
buv73728fa9viqgrz5mj,131,31,0.237,34,0.26,23,0.176,24,0.183,19,0.145
w1uwjc89gv68yxkutpoe,144,31,0.215,23,0.16,29,0.201,34,0.236,27,0.188
fkenlzdweox7v0zaopqo,131,18,0.137,30,0.229,28,0.214,26,0.198,29,0.221
uy29im7a6hnc34lfp8ae,144,21,0.146,35,0.243,26,0.181,32,0.222,30,0.208
kilhyvtskm84umerpjee,144,31,0.215,28,0.194,27,0.188,26,0.181,32,0.222
8urc1lsyw615q5prnxwh,166,34,0.205,34,0.205,38,0.229,27,0.163,33,0.199
jyaxybaq8vui614ytd8i,149,26,0.174,37,0.248,33,0.221,26,0.174,27,0.181
ijieo064jbrs5ss1cmol,139,35,0.252,27,0.194,24,0.173,34,0.245,19,0.137
zc7xkcpo969z98kh6bg8,187,39,0.209,44,0.235,31,0.166,45,0.241,28,0.15
4vnvytgnlmv4jbfw9h3t,130,24,0.185,30,0.231,17,0.131,27,0.208,32,0.246
pv0c4za1m616k25gfwfb,144,24,0.167,31,0.215,44,0.306,22,0.153,23,0.16
mqqf68ny1kdp6i69i7tt,141,27,0.191,28,0.199,26,0.184,35,0.248,25,0.177
9a25hcbd3mhgaj0fyelo,136,32,0.235,26,0.191,29,0.213,26,0.191,23,0.169
9lfh7vk4u8eh6zz1dmvp,129,23,0.178,32,0.248,25,0.194,25,0.194,24,0.186
xsxczvs8iluovs3pt5q7,133,28,0.211,29,0.218,24,0.18,28,0.211,24,0.18
reo07h0d5zehmotdlz2w,123,37,0.301,19,0.154,14,0.114,29,0.236,24,0.195
2d526c27123e59103e29,477,83,0.174,96,0.201,104,0.218,89,0.187,105,0.22
488fc49e8fccd665c3e2,428,80,0.187,90,0.21,96,0.224,88,0.206,74,0.173
be032ee60c336e4701e0,149,26,0.174,33,0.221,39,0.262,25,0.168,26,0.174
19793e7e55b68c8dd776,127,24,0.189,32,0.252,22,0.173,28,0.22,21,0.165
fe752a6d1aa3d710d738,251,45,0.179,47,0.187,47,0.187,54,0.215,58,0.231
912794ea0c6936c83ce2,231,46,0.199,40,0.173,54,0.234,32,0.139,59,0.255
17e429460d5fda251953,402,74,0.184,84,0.209,73,0.182,82,0.204,89,0.221
2e3e7cbe0e69add8d31a,60,17,0.283,11,0.183,10,0.167,11,0.183,11,0.183
4bceaffe5e429ed3333b,80,16,0.2,16,0.2,9,0.112,21,0.262,18,0.225
f22c9341431a6123f670,129,23,0.178,22,0.171,22,0.171,28,0.217,34,0.264
0107f72b66cbd1a0926d,119,25,0.21,23,0.193,29,0.244,15,0.126,27,0.227
4c26df96293b4a52bc03,149,32,0.215,22,0.148,37,0.248,28,0.188,30,0.201
8e25bcfa51d165f162f6,81,16,0.198,19,0.235,15,0.185,14,0.173,17,0.21
9ee3e6df01c7cc22d066,287,41,0.143,55,0.192,61,0.213,70,0.244,60,0.209
42e83553ca9d77ab4aee,166,30,0.181,23,0.139,48,0.289,36,0.217,29,0.175
ba563fef8484139dc84d,194,46,0.237,41,0.211,34,0.175,44,0.227,29,0.149
9b1c065069dbb7a71617,264,50,0.189,55,0.208,51,0.193,51,0.193,57,0.216
1fa4f2361b8a03040292,187,31,0.166,42,0.225,43,0.23,33,0.176,38,0.203
82da6d26645f8f71bd61,78,8,0.103,18,0.231,16,0.205,19,0.244,17,0.218
a9554f5c3d61d05617e1,167,40,0.24,24,0.144,36,0.216,41,0.246,26,0.156
2e2c00240c341a4265e3,132,22,0.167,23,0.174,24,0.182,28,0.212,35,0.265
4e768251c78b687fa993,258,48,0.186,52,0.202,58,0.225,50,0.194,50,0.194
6964a3d507ac1ecf9e52,425,76,0.179,91,0.214,81,0.191,83,0.195,94,0.221
03754dce5ec7731fb3e2,246,46,0.187,36,0.146,51,0.207,57,0.232,56,0.228
4738a118c8b8fa271fd6,137,31,0.226,34,0.248,22,0.161,26,0.19,24,0.175
2af634997fba501740c2,191,40,0.209,41,0.215,39,0.204,32,0.168,39,0.204
c9e6e9322dd7054e618c,86,21,0.244,12,0.14,18,0.209,19,0.221,16,0.186
d72abe041b8db9118e70,113,20,0.177,21,0.186,23,0.204,22,0.195,27,0.239
b0a62c35bfc7f529e83b,125,28,0.224,25,0.2,20,0.16,27,0.216,25,0.2
a856f10303ba34926fdd,133,33,0.248,26,0.195,20,0.15,29,0.218,25,0.188
951678e2f3db4cd9911d,87,14,0.161,17,0.195,19,0.218,16,0.184,21,0.241
b34d4dc5b6c5fd7c5def,75,16,0.213,19,0.253,7,0.093,18,0.24,15,0.2
430420fb41fe0a889868,254,48,0.189,51,0.201,47,0.185,60,0.236,48,0.189
e17f01453906e3ae5716,320,56,0.175,65,0.203,68,0.212,63,0.197,68,0.212
d536120baaef5495c028,147,33,0.224,23,0.156,30,0.204,26,0.177,35,0.238
2ecb7fb5ff8899614c12,208,51,0.245,32,0.154,35,0.168,49,0.236,41,0.197
d6f3f410bbb24244d270,167,29,0.174,33,0.198,30,0.18,37,0.222,38,0.228
67f8d47cfb7b7b3d2095,271,57,0.21,54,0.199,57,0.21,57,0.21,46,0.17
a0fa57995e3e8cdcc13a,257,56,0.218,51,0.198,50,0.195,54,0.21,46,0.179
fe40bd528b4fbbf591e1,205,33,0.161,49,0.239,35,0.171,40,0.195,48,0.234
be52205cb48c05e10567,55,15,0.273,11,0.2,7,0.127,11,0.2,11,0.2
03e0c9bff3a9557480d9,130,18,0.138,35,0.269,25,0.192,29,0.223,23,0.177
60c3549c706fe13322ce,145,28,0.193,33,0.228,31,0.214,24,0.166,29,0.2
2826ec26211d83efd2c6,168,36,0.214,38,0.226,26,0.155,32,0.19,36,0.214
6b9ee688551136da2eb9,119,25,0.21,17,0.143,26,0.218,23,0.193,28,0.235
454c91e8f96c1dc4e994,263,53,0.202,58,0.221,56,0.213,41,0.156,55,0.209
854ce9f7f4d7b6115854,80,13,0.162,11,0.138,19,0.238,16,0.2,21,0.262
d103bd9455fb9258c805,120,29,0.242,30,0.25,19,0.158,23,0.192,19,0.158
13de1d3a55477a0c0329,135,33,0.244,29,0.215,21,0.156,29,0.215,23,0.17
pg8ucem69ixbqhznx0x2,118,23,0.195,21,0.178,26,0.22,20,0.169,28,0.237
vzdurh8f0rfus5h4bde2,139,32,0.23,22,0.158,29,0.209,24,0.173,32,0.23
ucxxvfcovdwuokyswife,139,37,0.266,20,0.144,30,0.216,29,0.209,23,0.165
yums89f0epz009xrrwrf,129,21,0.163,27,0.209,28,0.217,23,0.178,30,0.233
4y1vvkscejq34042oag4,129,22,0.171,28,0.217,23,0.178,25,0.194,31,0.24
ng2c52g74hfaudyxmm6m,167,31,0.186,33,0.198,34,0.204,38,0.228,31,0.186
ttsjumez81r1ot6tfe7n,125,30,0.24,27,0.216,24,0.192,21,0.168,23,0.184
m3xzctvbxlbxz80zz042,137,27,0.197,36,0.263,22,0.161,24,0.175,28,0.204
1nebcwra7a0fduy8c1fa,143,31,0.217,40,0.28,19,0.133,22,0.154,31,0.217
z9q10sbk27qpuvatlkuw,141,26,0.184,32,0.227,23,0.163,30,0.213,30,0.213
cgydhui8n3uoxbq5rznl,140,29,0.207,27,0.193,28,0.2,26,0.186,30,0.214
sdun9fmcol7sud39mllw,163,27,0.166,33,0.202,33,0.202,33,0.202,37,0.227
csxiwtz34vm9vr0kbryx,167,27,0.162,34,0.204,33,0.198,36,0.216,37,0.222
4v5xbvn3yhmvs97477pc,135,32,0.237,24,0.178,28,0.207,22,0.163,29,0.215
g5wbnnhq1jbyc32q3003,146,32,0.219,29,0.199,31,0.212,22,0.151,32,0.219
ulowmljtsh72z64haltq,138,22,0.159,30,0.217,33,0.239,19,0.138,34,0.246
19rc4zj7sw4ms0996992,143,33,0.231,25,0.175,31,0.217,29,0.203,25,0.175
mn8t0yyppsznr674ic1a,143,28,0.196,27,0.189,28,0.196,23,0.161,37,0.259
isavn2ahb9n5z1q8win5,127,26,0.205,27,0.213,25,0.197,24,0.189,25,0.197
uhky1uwx18u1e4nixzzf,145,32,0.221,19,0.131,36,0.248,32,0.221,26,0.179
h9urbo4ce8x02brjnloz,133,27,0.203,28,0.211,21,0.158,25,0.188,32,0.241
lewkf2owb42ywhfto9yf,147,31,0.211,26,0.177,25,0.17,42,0.286,23,0.156
p3cs5x8cxrwubesmagvl,159,26,0.164,38,0.239,24,0.151,29,0.182,42,0.264
u968v341lom8drwdzqqj,143,19,0.133,29,0.203,46,0.322,20,0.14,29,0.203
x8hocidvl3emcmrhw2f8,148,34,0.23,24,0.162,33,0.223,25,0.169,32,0.216
0sgnvj4zfg3xjjb9fl6h,135,29,0.215,23,0.17,24,0.178,26,0.193,33,0.244
7ddzwidmh4uwbopvlast,144,24,0.167,31,0.215,35,0.243,25,0.174,29,0.201
j8inicu0iafkpv3u9431,140,27,0.193,38,0.271,21,0.15,24,0.171,30,0.214
74g1r714u01v7nb4vn8w,152,24,0.158,35,0.23,26,0.171,31,0.204,36,0.237
em248gxmeso9cw0wzlv8,153,30,0.196,32,0.209,26,0.17,30,0.196,35,0.229
hoedc2pzfz6av5bn1jq3,133,9,0.068,30,0.226,28,0.211,33,0.248,33,0.248
3ywgcurp27qp1fydp27z,160,22,0.138,38,0.238,32,0.2,37,0.231,31,0.194
inyirhdpjahiguhs9e5b,151,27,0.179,37,0.245,25,0.166,27,0.179,35,0.232
flde3irykh8wauaj2fuw,140,32,0.229,24,0.171,25,0.179,30,0.214,29,0.207
1otvyki9oso9bg6ob16u,148,25,0.169,36,0.243,30,0.203,24,0.162,33,0.223
05e1c3ce1728da7e37e0,151,34,0.225,24,0.159,32,0.212,32,0.212,29,0.192
93f200d7351d4980fec6,194,40,0.206,31,0.16,42,0.216,47,0.242,34,0.175
4dfdfa5e1a04c832b9b4,394,73,0.185,76,0.193,85,0.216,84,0.213,76,0.193
151cd83784ab9007e8d8,334,68,0.204,71,0.213,59,0.177,67,0.201,69,0.207
8e1012c9f4775ba6a451,511,106,0.207,107,0.209,101,0.198,103,0.202,94,0.184
413cbf664ac3ba8307ea,223,57,0.256,39,0.175,42,0.188,49,0.22,36,0.161
3bf7b3c9aa7d93ecb603,294,67,0.228,53,0.18,55,0.187,58,0.197,61,0.207
9ad512cc6cbd79aa81c7,104,25,0.24,17,0.163,21,0.202,16,0.154,25,0.24
71f6622e7caa6ed92506,113,27,0.239,18,0.159,18,0.159,19,0.168,31,0.274
2fe9648ea28753c73c2c,254,38,0.15,49,0.193,60,0.236,60,0.236,47,0.185
4474f24ef69e01e2c001,82,14,0.171,18,0.22,18,0.22,14,0.171,18,0.22
f81f52969ef1de783de3,162,32,0.198,21,0.13,43,0.265,32,0.198,34,0.21
b9c7c66c8b57b9d3c6fa,193,42,0.218,38,0.197,31,0.161,44,0.228,38,0.197
a95a606f0110653858b2,197,41,0.208,41,0.208,31,0.157,42,0.213,42,0.213
66d7c0bdb21b7d5bd83d,655,138,0.211,135,0.206,121,0.185,136,0.208,125,0.191
c89e8b7b18082e2fa6df,226,46,0.204,40,0.177,44,0.195,50,0.221,46,0.204
522837ace4fd8dd743f2,616,113,0.183,108,0.175,147,0.239,126,0.205,122,0.198
0df40593e76a840fd64b,422,83,0.197,83,0.197,77,0.182,104,0.246,75,0.178
952e59666bdde6dad94c,322,56,0.174,55,0.171,70,0.217,78,0.242,63,0.196
800d0095388d11344b78,123,23,0.187,25,0.203,23,0.187,23,0.187,29,0.236
d53a4fb612fb801fff3d,197,35,0.178,44,0.223,40,0.203,41,0.208,37,0.188
71ca74e191e71b0219b5,103,17,0.165,28,0.272,16,0.155,17,0.165,25,0.243
dddd7ba8769cf90bfd62,124,29,0.234,28,0.226,21,0.169,27,0.218,19,0.153
758a52e21fd5c23cd7ed,146,33,0.226,19,0.13,39,0.267,22,0.151,33,0.226
4cc0dc56eecea1d928d1,163,31,0.19,35,0.215,35,0.215,27,0.166,35,0.215
e62f7655cb5259abfbf1,186,37,0.199,43,0.231,36,0.194,30,0.161,40,0.215
0258f681a9e1756dfc76,489,96,0.196,108,0.221,88,0.18,103,0.211,94,0.192
8bf3625652581859dcd1,276,60,0.217,54,0.196,52,0.188,48,0.174,62,0.225
63c38a00d97e62c31e08,219,41,0.187,45,0.205,47,0.215,42,0.192,44,0.201
f9dde99f5db421171b51,535,106,0.198,122,0.228,104,0.194,92,0.172,111,0.207
b1b3363b7086aaa99b0d,78,17,0.218,20,0.256,13,0.167,14,0.179,14,0.179
e4af37199530e9ea523c,260,46,0.177,41,0.158,56,0.215,57,0.219,60,0.231
204fdbe885269686a392,160,30,0.188,32,0.2,29,0.181,34,0.212,35,0.219
b1fbf77b475e79c3d413,351,68,0.194,76,0.217,80,0.228,67,0.191,60,0.171
7f1c076b22be73eef99b,309,62,0.201,56,0.181,58,0.188,65,0.21,68,0.22
b9a8b9ee84232efd7d61,129,20,0.155,30,0.233,25,0.194,26,0.202,28,0.217
52a24e35d5356ab34a2e,198,41,0.207,40,0.202,39,0.197,35,0.177,43,0.217
5abcc9d4fb5e764b2f6f,257,52,0.202,53,0.206,56,0.218,56,0.218,40,0.156
04f2689b4ea16d8d7d9a,607,125,0.206,127,0.209,119,0.196,124,0.204,112,0.185
2db6dd71f1d07300382c,80,17,0.212,13,0.162,18,0.225,14,0.175,18,0.225
d2c5423ea5fa0a995264,112,14,0.125,24,0.214,21,0.188,22,0.196,31,0.277
81c441973fd4e024d60a,314,60,0.191,51,0.162,74,0.236,73,0.232,56,0.178
83b54209fa2b1055369b,181,35,0.193,35,0.193,31,0.171,38,0.21,42,0.232
9ee4ff457095eaf23309,243,57,0.235,45,0.185,46,0.189,43,0.177,52,0.214
b6808721d4a7900e360a,467,93,0.199,90,0.193,86,0.184,99,0.212,99,0.212
f05247f3d32a4bf5a6df,351,94,0.268,52,0.148,81,0.231,72,0.205,52,0.148
6fc66606e74242398444,298,71,0.238,60,0.201,57,0.191,57,0.191,53,0.178
5a44a7c59729d41d596a,48,9,0.188,10,0.208,11,0.229,11,0.229,7,0.146
05e6d9723ab3cde0841d,600,126,0.21,129,0.215,104,0.173,129,0.215,112,0.187
2a515047aa9d085849a2,293,56,0.191,55,0.188,55,0.188,63,0.215,64,0.218
3f34e3108d1108dab0fd,77,20,0.26,12,0.156,18,0.234,15,0.195,12,0.156
42dd5f9cd9e2c3ac9ed7,162,28,0.173,34,0.21,41,0.253,29,0.179,30,0.185
e5cab2ae37f3a9ed4f46,141,28,0.199,33,0.234,31,0.22,26,0.184,23,0.163
ca10145a308249ed82e9,132,18,0.136,29,0.22,29,0.22,31,0.235,25,0.189
5cda8273b348fbda9f29,269,48,0.178,56,0.208,54,0.201,56,0.208,55,0.204
96c23b85b0b4ffdc3cae,124,23,0.185,28,0.226,22,0.177,24,0.194,27,0.218
329622100fe091a4c48c,434,79,0.182,99,0.228,84,0.194,78,0.18,94,0.217
2933a3227c7ce7fe21eb,95,17,0.179,15,0.158,12,0.126,19,0.2,32,0.337
3dba043eb6065ad3a343,40,10,0.25,11,0.275,3,0.075,9,0.225,7,0.175
8a9f3822aaa08e579e4f,121,27,0.223,27,0.223,17,0.14,27,0.223,23,0.19
1367d35cf39783effa7a,73,16,0.219,16,0.219,11,0.151,12,0.164,18,0.247
c6ab0de398cfcbd21dc5,109,23,0.211,23,0.211,18,0.165,26,0.239,19,0.174
4e508744a9816cc4586a,81,12,0.148,20,0.247,17,0.21,15,0.185,17,0.21
o3jddioub8dsv0fm22qn,134,27,0.201,28,0.209,27,0.201,21,0.157,31,0.231
4130weedl0x9hc7qe5a4,154,33,0.214,34,0.221,32,0.208,31,0.201,24,0.156
aqpg6qwtponj9ojmx6ls,137,23,0.168,25,0.182,26,0.19,34,0.248,29,0.212
pgknalznufvmvwgc1ca8,146,35,0.24,27,0.185,30,0.205,23,0.158,31,0.212
oc0ww31yssff9rktgowo,153,34,0.222,33,0.216,34,0.222,24,0.157,28,0.183
rsclhbtmbxt0xrye64ax,142,31,0.218,28,0.197,29,0.204,30,0.211,24,0.169
orubxhpr5e1heat93ue4,135,23,0.17,23,0.17,33,0.244,34,0.252,22,0.163
4x441h9y6wzknmtdw7q4,147,34,0.231,21,0.143,27,0.184,36,0.245,29,0.197
2a6ap0t2rsvoogmydj3a,143,25,0.175,30,0.21,27,0.189,35,0.245,26,0.182
daty5mq7b20bkt2c2zfs,156,34,0.218,35,0.224,36,0.231,28,0.179,23,0.147
hhplrx9xd7cm2w7aslma,155,29,0.187,36,0.232,33,0.213,29,0.187,28,0.181
xgvqpyg5mro3wihwngur,160,20,0.125,32,0.2,34,0.212,38,0.238,36,0.225
jnupp0jsv1kjsvbzlnrr,119,19,0.16,26,0.218,23,0.193,25,0.21,26,0.218
u9owl1eky0jf8t3nc50o,152,27,0.178,36,0.237,29,0.191,31,0.204,29,0.191
ubi6gd21j9e9rw46hoz6,139,30,0.216,25,0.18,23,0.165,28,0.201,33,0.237
tv0sptqq56ri3dpcd9nl,166,36,0.217,26,0.157,31,0.187,37,0.223,36,0.217
8kvpozl8kjupzd4yvwbv,130,22,0.169,28,0.215,28,0.215,27,0.208,25,0.192
m6p2hujqw21vc4lyt3f3,137,29,0.212,29,0.212,29,0.212,23,0.168,27,0.197
nx4zicy1jbulkuen41s5,157,29,0.185,23,0.146,37,0.236,24,0.153,44,0.28
xnvmb8uox3576k142awg,134,22,0.164,26,0.194,33,0.246,19,0.142,34,0.254
nkr2o4v6q9alvt7ju51e,142,26,0.183,18,0.127,35,0.246,41,0.289,22,0.155
01qkq6w2v62cimidb3b7,127,24,0.189,17,0.134,28,0.22,36,0.283,22,0.173
tp8x8dgd7d6dhpth8xni,126,31,0.246,26,0.206,26,0.206,19,0.151,24,0.19
uhthvh60xp911d47x7xm,142,37,0.261,28,0.197,24,0.169,27,0.19,26,0.183
a30afe3tftu3pgsdxxdq,121,20,0.165,27,0.223,23,0.19,23,0.19,28,0.231
9nfrfi8p7oktnfr9c30b,158,27,0.171,31,0.196,33,0.209,38,0.241,29,0.184
34qcy2qj5lij7g82hpvw,146,25,0.171,33,0.226,26,0.178,32,0.219,30,0.205
mhufhb84kyqgs0anwy1d,138,28,0.203,29,0.21,27,0.196,22,0.159,32,0.232
1afepx549ssnar1m9acp,151,27,0.179,34,0.225,29,0.192,33,0.219,28,0.185
j605t14y7ie6vr2n8s2c,139,27,0.194,32,0.23,15,0.108,28,0.201,37,0.266
zq3xohaut5o9dbd9064z,149,34,0.228,26,0.174,29,0.195,34,0.228,26,0.174
me4d1o3nzhyoj0xfast0,129,26,0.202,23,0.178,24,0.186,30,0.233,26,0.202
p611flt77czmqgut14jl,138,20,0.145,27,0.196,26,0.188,38,0.275,27,0.196
zuw35j06tzftt6oon4c5,159,29,0.182,32,0.201,31,0.195,37,0.233,30,0.189
f527k17lr4aumahjtj92,139,38,0.273,32,0.23,20,0.144,32,0.23,17,0.122
33184c1cba6a37cdbda2,417,77,0.185,90,0.216,84,0.201,77,0.185,89,0.213
3f81bf9625e47ca1963f,133,30,0.226,34,0.256,21,0.158,22,0.165,26,0.195
8bece93f0b270602e64f,136,21,0.154,25,0.184,37,0.272,22,0.162,31,0.228
27cc9165eef05eb1733f,103,23,0.223,26,0.252,14,0.136,20,0.194,20,0.194
3c37e3ad275dcdd39e2c,201,39,0.194,41,0.204,51,0.254,30,0.149,40,0.199
46e2d5243b6eef040f97,102,25,0.245,25,0.245,17,0.167,17,0.167,18,0.176
37f3b3d773c5c073bc9a,107,18,0.168,18,0.168,24,0.224,23,0.215,24,0.224
96dc0554852b5a94a400,145,34,0.234,33,0.228,29,0.2,18,0.124,31,0.214
6273f50d9a0b4e6d971c,112,26,0.232,17,0.152,25,0.223,29,0.259,15,0.134
4478eae73fb84cedb102,271,62,0.229,48,0.177,48,0.177,49,0.181,64,0.236
0a7f1a73361654329281,122,19,0.156,32,0.262,24,0.197,28,0.23,19,0.156
301f57984e5d2969c938,146,21,0.144,40,0.274,33,0.226,31,0.212,21,0.144
3b3b2319b0995f149ecc,248,51,0.206,51,0.206,51,0.206,53,0.214,42,0.169
3313c40ea45a87f9d2e7,113,24,0.212,25,0.221,15,0.133,31,0.274,18,0.159
81931021ce711e124d0b,355,76,0.214,72,0.203,64,0.18,75,0.211,68,0.192
9294393fcd13593bc537,186,43,0.231,32,0.172,35,0.188,38,0.204,38,0.204
31741464205aa8cdb4f5,154,34,0.221,27,0.175,38,0.247,25,0.162,30,0.195
c63d5a67687762a9f967,166,35,0.211,29,0.175,34,0.205,42,0.253,26,0.157
ad29c5822807dabe497c,267,57,0.213,47,0.176,61,0.228,44,0.165,58,0.217
6fefd33cf297f69bcae3,415,84,0.202,94,0.227,86,0.207,80,0.193,71,0.171
17dda5f588bed077c742,263,52,0.198,48,0.183,53,0.202,61,0.232,49,0.186
6d90c2fd38f2ea52ffd8,155,29,0.187,30,0.194,30,0.194,31,0.2,35,0.226
fcf6463f948b24ac7cd8,120,27,0.225,20,0.167,24,0.2,20,0.167,29,0.242
d1df92e9d19fb2f22ebb,429,89,0.207,80,0.186,88,0.205,92,0.214,80,0.186
72d383f55803c5a81bd6,195,35,0.179,53,0.272,36,0.185,30,0.154,41,0.21
c20c86d30d19b39745e2,159,31,0.195,32,0.201,33,0.208,27,0.17,36,0.226
f26c1d520ac39293c68a,439,81,0.185,91,0.207,81,0.185,89,0.203,97,0.221
bc48d03763657ec4aa63,269,48,0.178,52,0.193,53,0.197,54,0.201,62,0.23
09e4bfadd7e012c37c7c,142,27,0.19,24,0.169,33,0.232,28,0.197,30,0.211
fc39de3859d890b9693d,223,36,0.161,54,0.242,44,0.197,49,0.22,40,0.179
a94a32ebd5f7d177053a,193,34,0.176,39,0.202,39,0.202,47,0.244,34,0.176
9b43f5fcb5d592a689af,192,41,0.214,40,0.208,45,0.234,30,0.156,36,0.188
b26aab632fd33a01020a,122,22,0.18,25,0.205,29,0.238,20,0.164,26,0.213
074d7f43de7264306775,212,44,0.208,42,0.198,43,0.203,43,0.203,40,0.189
fabad359607dabbaaed4,130,32,0.246,22,0.169,27,0.208,23,0.177,26,0.2
d6d6e7da792fdf0106f0,122,16,0.131,21,0.172,21,0.172,29,0.238,35,0.287
e6b9a4292b6a8e8e0ef0,52,13,0.25,7,0.135,13,0.25,10,0.192,9,0.173
9493dac6dc982d2b3dbe,425,80,0.188,93,0.219,77,0.181,87,0.205,88,0.207
9104b8987aefa9d8e884,105,20,0.19,24,0.229,19,0.181,27,0.257,15,0.143
7ec5fc60b1ce755e0e17,330,62,0.188,73,0.221,76,0.23,64,0.194,55,0.167
24ca7714d40e2fe53821,150,21,0.14,33,0.22,37,0.247,29,0.193,30,0.2
16c505069c1e5c2bece5,59,9,0.153,17,0.288,13,0.22,12,0.203,8,0.136
69a4b3d15a5bf0d0e43e,174,34,0.195,28,0.161,44,0.253,33,0.19,35,0.201
6abeead45fd57abadaff,163,28,0.172,22,0.135,44,0.27,37,0.227,32,0.196
5e89fad73b2ada2a30bf,164,43,0.262,37,0.226,37,0.226,29,0.177,18,0.11
94066a900026329cd5cd,282,61,0.216,49,0.174,52,0.184,63,0.223,57,0.202
0bb8692f43a372e8d967,123,14,0.114,28,0.228,29,0.236,31,0.252,21,0.171
e224221a9971f9f45489,207,48,0.232,46,0.222,41,0.198,34,0.164,38,0.184
c42aff1f9940e24491cc,96,12,0.125,21,0.219,17,0.177,27,0.281,19,0.198
a34fbbb7d9a19eb82450,122,22,0.18,27,0.221,27,0.221,20,0.164,26,0.213
3c71b62d597098c4cd18,103,18,0.175,20,0.194,24,0.233,17,0.165,24,0.233
43d34a076620e32fedfa,228,44,0.193,55,0.241,48,0.211,45,0.197,36,0.158
eec0307b4d47609d6933,370,71,0.192,85,0.23,64,0.173,65,0.176,85,0.23
d45eea92ed42431d9076,94,20,0.213,21,0.223,17,0.181,18,0.191,18,0.191
fe5cf715d9c94fc7779e,77,19,0.247,13,0.169,15,0.195,13,0.169,17,0.221
1f56b6bda24efafcf3a4,212,42,0.198,43,0.203,39,0.184,45,0.212,43,0.203
c682f6819dfbfc964bc7,219,51,0.233,44,0.201,38,0.174,42,0.192,44,0.201
81e59e96ce9bd6a76bdb,140,28,0.2,22,0.157,28,0.2,32,0.229,30,0.214
a96027a83196027cf822,167,37,0.222,31,0.186,34,0.204,30,0.18,35,0.21
f964ee6bca634319a68f,278,54,0.194,63,0.227,49,0.176,63,0.227,49,0.176
c35834f349db8ef7c591,330,66,0.2,65,0.197,65,0.197,70,0.212,64,0.194
7f91b4ad141d21887b79,236,58,0.246,46,0.195,44,0.186,46,0.195,42,0.178
a11b89c60677835e450c,104,15,0.144,33,0.317,14,0.135,21,0.202,21,0.202
lf5hmkicbiuolk7khwwb,150,41,0.273,26,0.173,22,0.147,29,0.193,32,0.213
4ewf46mylf75olvvihqj,135,18,0.133,30,0.222,26,0.193,28,0.207,33,0.244
u2rchqp6tof1bkr07izf,127,25,0.197,21,0.165,19,0.15,33,0.26,29,0.228
nrv5a6tr3ya2iv3p5xpo,128,30,0.234,17,0.133,25,0.195,28,0.219,28,0.219
70ym0xeqaqmx14dv6myx,142,25,0.176,34,0.239,30,0.211,27,0.19,26,0.183
r7embk7pqzg5g5p245x4,148,25,0.169,28,0.189,29,0.196,43,0.291,23,0.155
b2imd0ms1p4fxkfcpygc,125,24,0.192,27,0.216,25,0.2,24,0.192,25,0.2
jv67r7eqa9z2a1777eex,151,22,0.146,31,0.205,27,0.179,38,0.252,33,0.219
8jo5o2abn697lg482k0e,124,28,0.226,22,0.177,33,0.266,22,0.177,19,0.153
ezdogkk0jqt4nvvvbnxp,126,32,0.254,18,0.143,25,0.198,24,0.19,27,0.214
wf7yq9n2spgto3w5ad9r,142,26,0.183,31,0.218,26,0.183,34,0.239,25,0.176
p9enp5lzhiufas1xpd8p,131,25,0.191,24,0.183,24,0.183,33,0.252,25,0.191
lx7vfcjhdxzh2wkt42hc,158,30,0.19,36,0.228,30,0.19,34,0.215,28,0.177
dwg6k0ka5vuwzo5h11m0,156,26,0.167,28,0.179,37,0.237,29,0.186,36,0.231
5jxldd3plo4x6oq140l5,160,26,0.162,37,0.231,25,0.156,33,0.206,39,0.244
orgvbr9mbmfo4z8tbsa3,147,32,0.218,33,0.224,37,0.252,26,0.177,19,0.129
3w0b2b1gz9i1nhmtab7s,145,36,0.248,19,0.131,28,0.193,29,0.2,33,0.228
22fey6dqzcrm0jbtfnmm,157,29,0.185,23,0.146,31,0.197,36,0.229,38,0.242
4atjmlccken75lck9ffp,119,29,0.244,21,0.176,26,0.218,25,0.21,18,0.151
tuidsy7wcktf3jppecp5,161,30,0.186,35,0.217,22,0.137,36,0.224,38,0.236
gzthlilac9ixoayq02u1,154,34,0.221,29,0.188,29,0.188,35,0.227,27,0.175
r3uk44zat2tcyj5wmojt,152,31,0.204,29,0.191,34,0.224,25,0.164,33,0.217
k1r03pvvsv9zxrft5jgi,155,31,0.2,33,0.213,28,0.181,36,0.232,27,0.174
5ez4c53h3kdamnlvkpna,139,25,0.18,34,0.245,31,0.223,26,0.187,23,0.165
p10d5vx8mpn0v82i51gp,156,29,0.186,27,0.173,46,0.295,29,0.186,25,0.16
sushd67p0jy6f04a3h0m,136,27,0.199,27,0.199,20,0.147,29,0.213,33,0.243
cmy2w5due4kl6pn6uia5,146,33,0.226,38,0.26,22,0.151,23,0.158,30,0.205
4oqxw56hzk4fk8aqh3e0,140,29,0.207,25,0.179,30,0.214,28,0.2,28,0.2
d4geyy1ox6qzlz4ibz0z,132,33,0.25,27,0.205,27,0.205,22,0.167,23,0.174
wu3cwt7cavxrllp6s123,147,29,0.197,29,0.197,28,0.19,37,0.252,24,0.163
sf30f3p1koevnfztc2pd,131,28,0.214,28,0.214,23,0.176,28,0.214,24,0.183
i8lx9f5ut0kaz120j30d,130,27,0.208,24,0.185,21,0.162,29,0.223,29,0.223
6ixkthdoadcwip3r1sy2,149,24,0.161,38,0.255,28,0.188,29,0.195,30,0.201
skyax9iocbd5gzronpru,158,32,0.203,33,0.209,30,0.19,37,0.234,26,0.165
s97masc6nt48h4ly8s1w,143,29,0.203,29,0.203,28,0.196,29,0.203,28,0.196
510a90cd169e2eb042ab,482,99,0.205,85,0.176,110,0.228,92,0.191,96,0.199
2959d8017312337a2ba6,393,85,0.216,75,0.191,71,0.181,70,0.178,92,0.234
07e3362d20ff4337671b,118,25,0.212,27,0.229,26,0.22,19,0.161,21,0.178
b6ed77b2b3283f9379c8,426,81,0.19,85,0.2,95,0.223,78,0.183,87,0.204
09dfa3f18e48917f0242,347,78,0.225,63,0.182,64,0.184,64,0.184,78,0.225
dba2bc2a15c1e8d696fe,111,14,0.126,27,0.243,25,0.225,27,0.243,18,0.162
ca66ab7e59628143cf1e,99,20,0.202,13,0.131,27,0.273,19,0.192,20,0.202
4a7f53c0a376edadf38a,254,40,0.157,52,0.205,50,0.197,52,0.205,60,0.236
bfcf5965e6024248f0a3,98,13,0.133,19,0.194,23,0.235,24,0.245,19,0.194
4156dc6090d72c95c23b,80,15,0.188,11,0.138,20,0.25,14,0.175,20,0.25
1b36a3223f9dd94a211f,208,47,0.226,37,0.178,37,0.178,49,0.236,38,0.183
8cdbc02c05d6ebafa9eb,86,9,0.105,19,0.221,23,0.267,16,0.186,19,0.221
390d1fc3b78420815190,208,34,0.163,46,0.221,46,0.221,46,0.221,36,0.173
be24259f2867b231800d,149,28,0.188,28,0.188,30,0.201,27,0.181,36,0.242
c7c79725138f07b9c265,498,87,0.175,100,0.201,105,0.211,108,0.217,98,0.197
e199ddadaaf5aee02eb8,198,35,0.177,49,0.247,47,0.237,28,0.141,39,0.197
b92448e12093e45dc6ff,274,51,0.186,54,0.197,59,0.215,53,0.193,57,0.208
28d90a892cc66338f962,203,43,0.212,48,0.236,44,0.217,35,0.172,33,0.163
3a9d955e2ef47191a742,213,39,0.183,45,0.211,46,0.216,39,0.183,44,0.207
1096bd470d3ddff1ec1c,192,39,0.203,44,0.229,35,0.182,38,0.198,36,0.188
8b586d8b9c06414b2487,336,50,0.149,54,0.161,79,0.235,73,0.217,80,0.238
cc317db3f3bb874542a7,178,33,0.185,45,0.253,33,0.185,33,0.185,34,0.191
1224ceafb61456a033d0,164,34,0.207,36,0.22,38,0.232,27,0.165,29,0.177
29acddb87cfe062d73f5,183,37,0.202,40,0.219,24,0.131,38,0.208,44,0.24
e103cf810dfba59d0431,156,38,0.244,26,0.167,33,0.212,31,0.199,28,0.179
25c8e1ae2335e8c3e5b3,336,73,0.217,66,0.196,69,0.205,55,0.164,73,0.217
b8a4fd679898150ef87a,452,85,0.188,95,0.21,100,0.221,91,0.201,81,0.179
80423084979315c20dbf,203,31,0.153,52,0.256,42,0.207,42,0.207,36,0.177
217c87d59a4372c4f3fc,242,47,0.194,55,0.227,43,0.178,50,0.207,47,0.194
5ada57d72f07c3803d33,138,26,0.188,30,0.217,21,0.152,28,0.203,33,0.239
f1c1c0932bfeb74762d0,445,96,0.216,88,0.198,83,0.187,91,0.204,87,0.196
b21ec59d991586279d95,263,59,0.224,53,0.202,44,0.167,52,0.198,55,0.209
e28711e2f5500d3d6b04,658,123,0.187,139,0.211,154,0.234,124,0.188,118,0.179
0d260d8fac2289c8ed9e,219,36,0.164,45,0.205,42,0.192,50,0.228,46,0.21
4c79be630ae9d3db6aaf,284,57,0.201,55,0.194,48,0.169,73,0.257,51,0.18
5e12a0421c20717035cb,380,67,0.176,94,0.247,61,0.161,85,0.224,73,0.192
7207088b2ef28ff6b669,113,23,0.204,28,0.248,18,0.159,18,0.159,26,0.23
c24bc0aaf20c79d2dfda,185,40,0.216,26,0.141,36,0.195,37,0.2,46,0.249
24524df0ca55659c384e,202,48,0.238,39,0.193,45,0.223,26,0.129,44,0.218
ed5a13234f04cae4894d,54,10,0.185,9,0.167,10,0.185,13,0.241,12,0.222
e7958857e7d2292ffbc7,159,24,0.151,32,0.201,31,0.195,38,0.239,34,0.214
86366c9920186cc4d1a3,198,36,0.182,47,0.237,41,0.207,33,0.167,41,0.207
767e222eeb367b2b010f,389,68,0.175,75,0.193,69,0.177,101,0.26,76,0.195
46a60ed041c8ebf98061,86,16,0.186,16,0.186,14,0.163,25,0.291,15,0.174
54342435561e775ce97f,254,57,0.224,55,0.217,40,0.157,46,0.181,56,0.22
78e6c80ea8dc73ec747d,60,14,0.233,7,0.117,7,0.117,15,0.25,17,0.283
f50dcd09709383fea95f,197,33,0.168,32,0.162,48,0.244,33,0.168,51,0.259
ade35014b25afed24916,167,39,0.234,29,0.174,30,0.18,36,0.216,33,0.198
914f82268754cbf71a54,105,17,0.162,21,0.2,20,0.19,28,0.267,19,0.181
c0884e4814b0f32935f8,49,8,0.163,9,0.184,13,0.265,13,0.265,6,0.122
a87767892344a954c746,274,43,0.157,51,0.186,52,0.19,57,0.208,71,0.259
8f81bd9cbc5471ebfc60,380,67,0.176,90,0.237,74,0.195,76,0.2,73,0.192
vwyziyyebvsje4dqjsrp,125,22,0.176,28,0.224,26,0.208,25,0.2,24,0.192
5c83f4ed6601ddf1a6fa,110,13,0.118,23,0.209,25,0.227,25,0.227,24,0.218
0999173c045ee29a0b44,140,26,0.186,23,0.164,29,0.207,31,0.221,31,0.221
8f477d2c60ec76ce22b7,143,35,0.245,19,0.133,34,0.238,24,0.168,31,0.217
6604efc6fd93e070f40a,106,13,0.123,30,0.283,19,0.179,18,0.17,26,0.245
1883af270e36a7580332,154,31,0.201,34,0.221,28,0.182,30,0.195,31,0.201
a14b9aa97f66fc82ede3,190,39,0.205,32,0.168,48,0.253,37,0.195,34,0.179
388090578f22a3c33738,95,12,0.126,23,0.242,18,0.189,24,0.253,18,0.189
1fc5b87acdfc2a8b580c,127,30,0.236,26,0.205,27,0.213,21,0.165,23,0.181
0b28c0a454678b75eefb,83,27,0.325,15,0.181,15,0.181,16,0.193,10,0.12
dfa917b9dc15c87ab016,623,122,0.196,120,0.193,124,0.199,134,0.215,123,0.197
2e54b1c7bff5847c82a8,463,83,0.179,104,0.225,88,0.19,103,0.222,85,0.184
869eacc999a52155ed53,185,32,0.173,39,0.211,35,0.189,43,0.232,36,0.195
cby6hsod14blxr7zyfjs,150,27,0.18,26,0.173,33,0.22,29,0.193,35,0.233
gm1xiqmop9j2d2acc2jg,143,23,0.161,27,0.189,31,0.217,37,0.259,25,0.175
lqm8jh0uggps7yd0lx2x,133,26,0.195,24,0.18,28,0.211,27,0.203,28,0.211
7ae6jy1vw15ppmnq6sba,133,29,0.218,28,0.211,22,0.165,30,0.226,24,0.18
quam8ci0euq2dz8xldzz,149,25,0.168,25,0.168,36,0.242,36,0.242,27,0.181
4bq1kdgygbtif8w80s5y,139,32,0.23,33,0.237,22,0.158,25,0.18,27,0.194
l41f9f1gb0y5rxcqfv64,134,28,0.209,24,0.179,20,0.149,34,0.254,28,0.209
d16ht4y29lrac1brhwm1,130,24,0.185,15,0.115,39,0.3,24,0.185,28,0.215
0txd5enpfmbrth46w74b,129,29,0.225,23,0.178,19,0.147,26,0.202,32,0.248
preni1j2j1gkvq1knpag,126,30,0.238,23,0.183,17,0.135,25,0.198,31,0.246
ggweeccb6anw0j3y32t0,158,28,0.177,34,0.215,35,0.222,32,0.203,29,0.184
uem908xkm2x04s4iu84k,133,26,0.195,23,0.173,32,0.241,21,0.158,31,0.233
nd9xpohv0s4ttw0o7fts,144,28,0.194,30,0.208,30,0.208,28,0.194,28,0.194
ny6yox8nvtlotclebkk8,138,33,0.239,25,0.181,28,0.203,22,0.159,30,0.217
hpb03ydulnt2b9ffa0j2,149,40,0.268,32,0.215,21,0.141,30,0.201,26,0.174
2krjeqjgjqfuumdo3ibt,141,32,0.227,28,0.199,25,0.177,25,0.177,31,0.22
1n42senfkcjopw1zh39l,134,22,0.164,27,0.201,25,0.187,31,0.231,29,0.216
jj1jl4nhnkxllubypoq3,139,22,0.158,22,0.158,34,0.245,39,0.281,22,0.158
f5j3cojh9fr5gvylr0yi,142,26,0.183,30,0.211,31,0.218,28,0.197,27,0.19
hkk3qiui3e3r969oyfhf,159,30,0.189,40,0.252,24,0.151,36,0.226,29,0.182
xw0r5n17yfqv2va40bhi,144,25,0.174,33,0.229,22,0.153,34,0.236,30,0.208
4erna0vkk9gu5umle1se,131,21,0.16,25,0.191,29,0.221,26,0.198,30,0.229
fvqo3hum9a1rl6rxbyre,143,26,0.182,38,0.266,23,0.161,35,0.245,21,0.147
22wb5ostye8edvfar59p,161,37,0.23,35,0.217,34,0.211,33,0.205,22,0.137
bgvt5n1h0qt51ze0md7w,131,28,0.214,17,0.13,31,0.237,25,0.191,30,0.229
g4l5baozrnfblxayrhox,154,35,0.227,34,0.221,30,0.195,27,0.175,28,0.182
ec5zb47nxjbuzemc81p0,158,28,0.177,33,0.209,38,0.241,28,0.177,31,0.196
rd4p70jwu852pbdjwl2d,144,31,0.215,28,0.194,19,0.132,28,0.194,38,0.264
59bybxqvhton27u0jtfm,136,17,0.125,27,0.199,34,0.25,31,0.228,27,0.199
x7xh8m5fvmipvkav1cb4,149,31,0.208,33,0.221,32,0.215,31,0.208,22,0.148
ljylby8inwh5b93wkean,151,29,0.192,27,0.179,25,0.166,38,0.252,32,0.212
ygoahstwe9gz9w87qncs,140,29,0.207,25,0.179,31,0.221,33,0.236,22,0.157
xlp4p1b56hrhhyr2y3kd,135,24,0.178,19,0.141,32,0.237,27,0.2,33,0.244
me044us8pj1824r4dye2,160,27,0.169,32,0.2,36,0.225,39,0.244,26,0.162
0lgtv09uoh3ova8sjbze,160,33,0.206,31,0.194,34,0.212,31,0.194,31,0.194
4e693829528e3e7de62a,789,175,0.222,160,0.203,152,0.193,156,0.198,146,0.185
4aa8ff74dc576b7adbcd,311,70,0.225,67,0.215,52,0.167,59,0.19,63,0.203
792e3326f0d9f68389d9,290,51,0.176,52,0.179,68,0.234,58,0.2,61,0.21
9b913075e93b2b788102,456,70,0.154,89,0.195,96,0.211,101,0.221,100,0.219
1c2aef3af32f6323a31d,140,30,0.214,13,0.093,35,0.25,35,0.25,27,0.193
9f0ce6d4cdf9d1772417,137,28,0.204,17,0.124,24,0.175,28,0.204,40,0.292
db0241cf536c2174d9ed,248,47,0.19,45,0.181,49,0.198,58,0.234,49,0.198
2c27d4de6ae130e7e242,512,81,0.158,90,0.176,116,0.227,115,0.225,110,0.215
2b3492096a4d12bb86cd,147,32,0.218,31,0.211,30,0.204,29,0.197,25,0.17
f8c2f04e8e116f0fd237,354,68,0.192,74,0.209,73,0.206,80,0.226,59,0.167
2a6394114c31a10dc92b,394,81,0.206,79,0.201,88,0.223,78,0.198,68,0.173
0559e9cf806dab4cc20d,290,62,0.214,54,0.186,63,0.217,59,0.203,52,0.179
6c14ce386a9cda72549c,263,61,0.232,57,0.217,42,0.16,53,0.202,50,0.19
2007f4965d2aa6064a25,184,36,0.196,42,0.228,32,0.174,35,0.19,39,0.212
6fa0b38bfd05105503a1,221,47,0.213,49,0.222,45,0.204,38,0.172,42,0.19
3e4e608ace87fe97bdb5,142,28,0.197,27,0.19,29,0.204,21,0.148,37,0.261
d554e419f820fa5cb0ca,111,17,0.153,25,0.225,22,0.198,26,0.234,21,0.189
b8d20bc2e0d3d86f5613,170,34,0.2,43,0.253,30,0.176,35,0.206,28,0.165
df62b7675d1fdb8e6b11,137,32,0.234,31,0.226,20,0.146,34,0.248,20,0.146
ff63c210b94623453b5f,262,57,0.218,58,0.221,44,0.168,61,0.233,42,0.16
a2f48a796e250a14ff55,339,71,0.209,82,0.242,57,0.168,66,0.195,63,0.186
8975db410fd78d462688,111,19,0.171,25,0.225,15,0.135,29,0.261,23,0.207
dac03bcbefc3a08c8b50,103,23,0.223,20,0.194,18,0.175,12,0.117,30,0.291
d7464b55181ef45e2d63,222,45,0.203,32,0.144,52,0.234,40,0.18,53,0.239
663aff87732c52f0e342,568,123,0.217,119,0.21,103,0.181,109,0.192,114,0.201
c3beec92b66ff78a6ba9,199,26,0.131,45,0.226,46,0.231,44,0.221,38,0.191
7535fe5ae754da62a534,101,21,0.208,26,0.257,15,0.149,17,0.168,22,0.218
d9dfc134efd3826bdaed,131,24,0.183,25,0.191,31,0.237,26,0.198,25,0.191
e2ea6dbbe90983dbb208,218,39,0.179,46,0.211,44,0.202,47,0.216,42,0.193
6efd2d79656d1b056f72,242,45,0.186,49,0.202,42,0.174,55,0.227,51,0.211
d5067bceac0ffa5e4704,81,20,0.247,15,0.185,18,0.222,12,0.148,16,0.198
ebe7a295f61c831b0093,188,42,0.223,39,0.207,35,0.186,34,0.181,38,0.202
fc916744a3bd5120978f,169,34,0.201,36,0.213,33,0.195,28,0.166,38,0.225
7c30aec52f13bebe07a6,104,18,0.173,25,0.24,23,0.221,31,0.298,7,0.067
2d9a38c93e37bc475cb6,157,31,0.197,30,0.191,29,0.185,35,0.223,32,0.204
a1a127e2bf29c380819c,99,15,0.152,22,0.222,18,0.182,20,0.202,24,0.242
2c7d02c44b47e3d24d52,81,10,0.123,10,0.123,18,0.222,24,0.296,19,0.235
ce9dd8f1570caa0d6f5b,380,79,0.208,72,0.189,79,0.208,62,0.163,88,0.232
7c039dde693a18f3a834,130,26,0.2,22,0.169,31,0.238,28,0.215,23,0.177
hjcfqm1yfzh8s77mo3ec,147,31,0.211,30,0.204,33,0.224,28,0.19,25,0.17
1hues7esy9erdsses6m0,154,26,0.169,36,0.234,32,0.208,28,0.182,32,0.208
p58nsuk0hj5uh2xk2k9p,140,26,0.186,28,0.2,28,0.2,27,0.193,31,0.221
5l1b1ma70rilf7mojch5,150,27,0.18,27,0.18,30,0.2,35,0.233,31,0.207
zylvq01zq0hxavbvsd2f,160,32,0.2,30,0.188,35,0.219,31,0.194,32,0.2
4ycyhj8tyx2b17fcx29j,161,38,0.236,29,0.18,30,0.186,32,0.199,32,0.199
n1nh33yq3nhwt4mx36yc,139,31,0.223,25,0.18,27,0.194,29,0.209,27,0.194
jtbq3gkfw2tcsjvfwm56,143,26,0.182,42,0.294,26,0.182,34,0.238,15,0.105
oriig6s6fmvi4f7mxamy,161,36,0.224,33,0.205,29,0.18,32,0.199,31,0.193
i3b6qk80m9jqwgft968o,133,33,0.248,26,0.195,25,0.188,19,0.143,30,0.226
2svwdpmdpjsdzafekntw,123,20,0.163,26,0.211,27,0.22,21,0.171,29,0.236
81kmylu471y1njt1pin3,151,43,0.285,24,0.159,28,0.185,27,0.179,29,0.192
e9vzigim3qs88f721ohz,138,25,0.181,31,0.225,32,0.232,23,0.167,27,0.196
8rsw4xhmff15occogf32,169,27,0.16,27,0.16,50,0.296,30,0.178,35,0.207
siv6gzi7una85o8fzrwi,138,32,0.232,28,0.203,29,0.21,18,0.13,31,0.225
ti44fbogdeqbfflbizj7,129,18,0.14,38,0.295,25,0.194,22,0.171,26,0.202
5rxl72n8rmnxwrxcss0q,127,21,0.165,24,0.189,26,0.205,30,0.236,26,0.205
tbypawuj167ycyvg8sc2,133,18,0.135,29,0.218,28,0.211,29,0.218,29,0.218
10xnkvdetxarrkdhx4i9,133,25,0.188,31,0.233,27,0.203,27,0.203,23,0.173
s8uk59p9w5ck47wlw3ea,148,35,0.236,28,0.189,33,0.223,26,0.176,26,0.176
y0bdtutppfdzzttzq8dy,134,29,0.216,24,0.179,28,0.209,23,0.172,30,0.224
ipd72mytvphpd9tcejgb,140,37,0.264,24,0.171,23,0.164,23,0.164,33,0.236
0dapvs3h4h3h1ahmt2o8,146,20,0.137,42,0.288,29,0.199,31,0.212,24,0.164
95jqkrj6zv7qf1wz1p8e,134,28,0.209,23,0.172,19,0.142,38,0.284,26,0.194
jivt017uwst4sg4fqlek,133,34,0.256,20,0.15,24,0.18,28,0.211,27,0.203
9jq31h6i3ny1lx0mx89e,175,43,0.246,40,0.229,31,0.177,36,0.206,25,0.143
cm2celd9hmos24j2a5cg,122,30,0.246,24,0.197,19,0.156,30,0.246,19,0.156
wmes720kojsggeq71m5y,153,27,0.176,30,0.196,29,0.19,34,0.222,33,0.216
8nqoz5k93j7it8w0muhl,146,26,0.178,32,0.219,26,0.178,29,0.199,33,0.226
6qp85ufr2o1zg8k0cvtb,127,29,0.228,19,0.15,44,0.346,18,0.142,17,0.134
5zczdtyecu2w495j80xv,144,28,0.194,32,0.222,32,0.222,25,0.174,27,0.188
bt192zri52uj2flwikrw,142,34,0.239,23,0.162,30,0.211,29,0.204,26,0.183
qol4cum3ewnz45dzpijx,150,23,0.153,32,0.213,36,0.24,29,0.193,30,0.2
k8d21tlgxmu6i35atvub,155,32,0.206,34,0.219,35,0.226,25,0.161,29,0.187
vd2j77wynysztt2wbv2v,122,17,0.139,23,0.189,30,0.246,24,0.197,28,0.23
